Rk,Player,Pos,Age,Tm,G,GS,MP,FG,FGA,FG%,3P,3PA,3P%,2P,2PA,2P%,FT,FTA,FT%,ORB,DRB,TRB,AST,STL,BLK,TOV,PF,PTS,ORtg,DRtg
1,0,0,23,0,68,6,1055,6.2,15.9,.393,4.4,11.5,.381,1.9,4.4,.426,2.0,2.3,.898,0.8,3.2,4.0,1.9,1.7,0.4,1.5,5.3,18.9,113,110
2,1,1,26,1,38,1,558,6.0,14.6,.412,3.2,7.7,.411,2.8,6.8,.413,3.9,5.1,.750,1.7,8.1,9.8,1.5,1.2,1.3,1.8,5.7,19.0,109,110
3,2,2,23,0,80,80,2389,7.7,13.5,.571,0.0,0.0,.000,7.7,13.4,.572,3.2,5.3,.611,5.8,6.8,12.6,1.8,1.8,1.6,3.0,4.0,18.6,114,107
4,3,0,31,2,61,45,1580,5.9,13.5,.440,2.0,4.8,.411,3.9,8.6,.457,2.7,3.0,.892,0.3,3.7,4.0,2.5,0.7,0.2,1.3,3.3,16.5,109,116
5,4,2,28,3,39,15,584,7.5,14.9,.500,0.0,0.3,.000,7.5,14.6,.511,2.4,3.4,.725,3.9,11.0,14.8,1.0,1.7,1.8,2.6,6.5,17.4,101,104
7,6,1,31,5,72,72,2335,10.9,22.9,.477,0.5,1.2,.411,10.4,21.7,.480,4.8,5.9,.812,3.8,7.7,11.4,3.0,1.0,1.9,2.1,3.4,27.1,111,104
8,7,1,27,6,61,5,871,4.4,9.7,.458,0.0,0.1,.000,4.4,9.6,.461,1.3,1.9,.697,6.0,6.6,12.6,3.3,1.0,1.4,1.7,4.5,10.2,114,110
9,8,0,35,7,71,66,1914,7.4,16.2,.461,0.4,1.5,.278,7.0,14.7,.479,2.2,3.5,.615,4.5,6.1,10.6,2.7,3.1,0.8,2.7,4.8,17.5,101,105
10,9,3,26,8,61,25,1773,5.1,13.1,.393,2.0,5.9,.330,3.2,7.1,.445,2.7,3.8,.706,2.2,10.5,12.6,2.8,1.7,1.2,2.6,2.9,14.9,100,108
11,10,2,38,9,12,0,114,3.9,9.6,.409,0.0,1.3,.000,3.9,8.3,.474,4.4,6.1,.714,3.9,9.6,13.6,2.2,2.2,3.1,2.2,8.8,12.3,107,104
12,11,3,34,10,30,0,308,4.9,13.0,.375,2.3,7.1,.318,2.6,5.8,.444,1.9,2.6,.750,0.5,3.4,3.9,1.8,0.5,0.0,1.1,5.7,14.0,100,114
13,12,3,23,1,75,10,1228,7.7,18.1,.424,2.4,8.0,.299,5.3,10.1,.522,4.2,5.3,.791,2.8,7.3,10.1,2.7,1.7,0.9,2.7,4.5,21.9,104,108
14,13,0,23,5,72,14,1020,4.6,10.4,.445,0.7,2.0,.375,3.9,8.4,.462,2.2,2.8,.789,1.6,8.7,10.4,4.5,2.5,1.3,1.9,3.1,12.3,109,101
15,14,1,28,11,72,72,2116,7.3,17.5,.418,4.6,11.5,.403,2.7,6.1,.446,2.9,3.4,.860,2.5,4.9,7.5,1.5,0.7,0.3,1.2,3.2,22.2,119,113
16,15,3,22,12,80,80,2845,11.7,22.5,.521,0.9,3.2,.272,10.8,19.3,.563,8.4,10.9,.770,2.5,10.0,12.5,7.7,2.3,2.7,4.2,4.4,32.7,116,104
17,16,3,32,13,74,74,2538,11.9,27.4,.433,3.0,8.3,.359,8.9,19.1,.466,6.0,7.2,.833,1.2,7.4,8.6,4.2,1.2,0.7,3.0,3.9,32.7,108,113
19,18,3,31,11,80,80,2773,5.6,13.8,.409,3.3,9.6,.344,2.3,4.2,.556,1.6,2.2,.738,0.9,7.0,7.9,3.0,2.5,0.3,1.3,2.3,16.2,113,108
20,19,1,28,14,41,7,639,7.3,16.4,.442,4.1,8.9,.453,3.2,7.5,.429,1.5,1.7,.864,1.9,6.6,8.6,3.2,1.5,1.6,2.8,5.8,20.0,110,112
22,21,4,29,15,78,20,1538,6.3,16.7,.377,3.1,8.8,.347,3.2,7.8,.412,4.2,5.2,.814,0.5,3.3,3.8,6.7,1.0,0.0,2.9,3.3,19.9,104,115
23,22,3,27,16,68,55,1065,5.3,13.3,.402,4.1,9.9,.414,1.2,3.4,.366,0.5,0.7,.733,0.6,6.1,6.7,1.7,0.9,0.5,1.2,5.6,15.3,110,109
24,23,0,23,13,52,13,857,4.8,12.7,.378,1.3,5.0,.267,3.4,7.6,.450,1.6,2.5,.651,0.7,5.0,5.7,6.2,2.0,0.5,3.3,4.3,12.5,92,113
25,24,4,20,7,33,1,405,4.6,14.8,.313,0.4,2.8,.136,4.2,11.9,.355,4.0,4.8,.838,1.4,4.5,5.9,7.8,2.3,0.9,5.0,5.1,13.6,83,107
26,25,0,34,17,67,0,963,8.6,19.5,.439,1.7,4.9,.357,6.8,14.6,.466,2.0,2.2,.889,0.7,4.4,5.2,4.0,1.5,0.4,2.4,4.1,20.8,103,114
27,26,4,32,18,35,6,771,9.6,23.2,.414,3.6,10.0,.358,6.0,13.2,.456,3.0,3.4,.863,0.6,5.1,5.7,13.0,0.9,0.1,4.3,2.0,25.7,106,112
28,27,1,24,18,79,79,2803,11.1,23.8,.468,1.4,4.1,.351,9.7,19.6,.492,4.5,5.2,.861,1.7,5.6,7.3,2.2,1.2,0.3,1.9,2.4,28.2,106,111
29,28,3,36,1,74,18,1777,5.2,13.3,.391,2.4,7.4,.331,2.8,5.9,.467,2.0,2.5,.787,2.0,8.8,10.8,5.5,1.4,0.7,3.0,5.2,14.8,102,109
30,29,0,26,14,60,19,1705,8.4,19.1,.443,2.5,6.7,.370,6.0,12.3,.483,4.1,5.4,.753,1.7,5.8,7.4,5.9,1.4,0.8,2.8,3.2,23.5,112,114
31,30,1,31,10,52,0,577,9.3,16.1,.575,0.1,0.3,.333,9.2,15.8,.579,6.7,7.6,.875,3.7,7.4,11.2,1.8,1.2,1.0,2.5,3.9,25.3,125,109
32,31,0,28,19,77,77,2617,7.5,18.7,.403,2.6,7.8,.333,4.9,10.9,.453,4.7,5.4,.856,0.9,8.3,9.2,8.7,1.6,0.6,3.7,2.1,22.3,105,108
33,32,4,28,20,3,1,71,7.5,22.0,.344,1.4,3.4,.400,6.2,18.5,.333,6.2,6.9,.900,2.1,6.2,8.2,8.9,0.0,0.0,6.2,2.7,22.6,90,114
35,34,3,27,22,73,64,1963,7.4,18.1,.409,2.3,6.7,.346,5.1,11.4,.446,3.0,4.2,.708,1.1,4.7,5.8,4.4,2.3,1.3,3.1,4.1,20.1,97,106
36,35,0,23,23,77,77,2684,11.7,24.3,.482,4.1,10.1,.404,7.6,14.1,.538,5.2,6.3,.825,1.0,3.4,4.4,4.9,1.5,0.4,2.9,3.1,32.7,117,112
37,36,0,20,14,22,1,165,9.8,21.6,.452,2.7,8.3,.321,7.1,13.3,.533,2.4,3.0,.800,1.5,3.6,5.0,3.3,2.1,0.0,2.4,3.0,24.6,107,114
38,37,1,28,12,56,6,935,11.7,22.1,.532,1.0,2.3,.419,10.8,19.7,.545,4.2,5.7,.743,2.2,8.3,10.5,2.9,1.5,1.5,3.6,5.0,28.7,106,109
39,38,0,30,19,74,0,1778,7.4,17.4,.429,2.9,8.0,.360,4.6,9.4,.488,4.2,4.7,.893,0.4,4.6,5.0,4.1,1.2,0.3,2.0,2.5,22.0,110,112
40,39,3,22,22,38,1,371,6.2,13.0,.480,0.1,2.4,.056,6.1,10.6,.575,0.8,2.1,.375,1.9,6.0,7.8,3.7,1.1,0.7,2.1,2.8,13.4,97,108
41,40,1,19,17,43,0,574,4.8,13.4,.354,2.3,8.4,.277,2.4,5.0,.483,0.3,0.9,.364,1.9,6.7,8.6,1.9,0.8,1.8,2.7,6.2,12.2,86,113
42,41,1,23,24,23,1,264,6.8,16.5,.413,2.3,8.6,.271,4.5,7.9,.568,4.7,6.5,.722,4.5,9.5,14.0,2.2,0.9,0.5,2.2,3.2,20.7,110,111
44,43,1,24,5,67,6,808,6.5,14.8,.440,4.4,10.9,.399,2.1,3.8,.557,1.8,2.1,.824,1.4,4.8,6.2,2.9,1.3,1.8,2.0,4.7,19.1,115,105
45,44,0,28,11,67,67,2058,5.3,12.7,.420,2.6,6.7,.382,2.8,5.9,.463,1.7,2.2,.768,2.2,6.9,9.2,6.6,2.3,0.6,2.3,5.2,14.9,116,108
47,46,1,28,4,65,1,1190,6.4,15.2,.424,2.4,7.5,.316,4.0,7.6,.531,1.9,2.6,.738,2.4,8.0,10.4,3.4,1.7,0.9,2.5,6.6,17.2,105,111
48,47,2,25,25,67,16,1091,6.7,13.1,.510,0.0,0.1,.500,6.7,13.0,.510,3.7,4.9,.752,6.4,8.9,15.3,1.7,1.3,2.0,2.6,7.7,17.1,114,111
49,48,4,27,17,66,66,2176,9.9,22.7,.434,2.3,6.8,.335,7.6,15.9,.477,8.5,10.1,.847,1.1,5.9,7.0,9.2,2.0,0.7,4.9,3.6,30.6,111,112
50,49,3,27,1,81,54,2083,8.7,19.4,.445,3.3,9.0,.367,5.3,10.4,.512,5.0,5.6,.893,0.9,5.5,6.4,2.6,0.8,0.2,3.0,3.4,25.6,108,114
51,50,2,32,1,27,21,583,3.4,7.2,.469,0.0,0.1,.000,3.4,7.1,.475,0.3,1.0,.273,5.0,14.5,19.5,4.4,1.2,2.2,3.8,7.7,7.1,93,104
52,51,1,23,26,12,0,53,8.9,15.8,.563,1.0,4.0,.250,7.9,11.9,.667,3.0,5.9,.500,4.0,12.9,16.8,2.0,1.0,2.0,2.0,1.0,21.8,117,102
53,52,0,20,17,78,78,2730,10.6,25.1,.423,2.6,7.1,.363,8.0,18.0,.447,6.4,7.7,.832,0.8,3.6,4.4,4.7,1.3,0.4,4.2,4.2,30.3,103,116
54,53,1,29,24,71,43,1754,8.2,16.0,.516,0.7,2.1,.321,7.6,13.9,.546,2.0,3.0,.673,3.9,11.6,15.4,3.7,2.0,0.8,3.4,4.1,19.2,105,107
55,54,0,26,27,55,55,1835,9.7,20.9,.463,2.9,7.5,.390,6.8,13.5,.504,1.8,2.5,.731,1.8,7.3,9.0,3.3,1.8,0.3,2.4,3.8,24.2,105,108
56,55,3,30,1,82,11,1281,5.5,13.1,.422,1.0,4.4,.229,4.5,8.7,.522,1.9,2.6,.735,1.2,5.0,6.2,3.6,2.3,0.8,2.1,5.0,14.0,101,110
57,56,0,24,12,75,28,1982,7.4,16.3,.457,2.0,4.9,.404,5.4,11.3,.480,2.8,3.2,.865,1.2,4.3,5.5,8.1,2.2,0.3,2.9,3.6,19.7,111,111
58,57,4,32,6,65,0,894,6.8,16.8,.403,2.7,7.2,.375,4.1,9.6,.424,1.8,2.2,.800,1.0,2.9,3.9,7.0,1.4,0.5,3.7,5.2,18.0,98,113
60,59,4,32,11,25,0,123,9.0,23.4,.383,5.5,13.7,.400,3.5,9.8,.360,0.8,0.8,1.000,0.0,2.3,2.3,5.5,0.4,0.0,2.0,2.0,24.2,105,116
61,60,3,20,27,78,20,1341,7.1,15.6,.454,1.7,5.0,.341,5.4,10.6,.507,3.1,4.6,.685,1.7,6.5,8.1,2.4,1.3,0.7,2.5,5.3,19.0,102,110
62,61,3,23,18,54,2,521,5.2,14.1,.369,2.9,9.5,.305,2.3,4.6,.500,1.7,2.2,.773,2.6,6.9,9.5,4.7,1.7,0.8,2.6,4.3,15.0,101,109
63,62,3,25,21,31,5,467,5.8,13.8,.422,3.0,7.9,.384,2.8,5.9,.473,0.5,0.8,.714,1.4,5.5,6.9,3.1,1.9,0.3,1.1,2.4,15.3,112,108
64,63,4,24,23,57,0,703,8.1,17.9,.455,2.2,4.9,.443,6.0,13.0,.459,1.5,2.0,.759,0.5,2.8,3.3,7.0,0.8,0.4,3.4,3.8,20.0,103,114
65,64,0,25,26,42,0,653,7.9,19.9,.399,2.0,6.1,.329,5.9,13.8,.430,4.8,6.3,.769,1.4,8.3,9.6,2.4,1.4,0.4,2.8,4.0,22.7,98,106
66,65,3,27,28,76,75,2809,10.2,22.5,.455,1.6,4.4,.367,8.6,18.0,.477,10.5,12.1,.865,2.3,6.1,8.4,7.5,2.6,0.6,2.9,2.0,32.6,123,106
68,67,4,35,1,41,13,539,5.0,12.2,.410,1.8,5.8,.313,3.2,6.4,.500,1.0,1.1,.917,1.4,5.4,6.7,8.0,1.0,0.1,3.7,3.3,12.8,100,113
69,68,0,23,21,76,75,2529,7.4,18.5,.399,3.1,8.7,.350,4.3,9.8,.442,3.1,3.7,.832,1.1,3.9,5.0,3.9,1.8,0.2,1.7,2.4,20.9,107,109
70,69,0,25,28,39,0,592,5.4,14.7,.364,2.1,8.0,.266,3.2,6.7,.481,2.6,2.8,.909,0.5,3.7,4.3,3.1,1.9,0.1,1.8,3.0,15.4,100,110
72,71,3,30,29,72,72,1882,5.9,14.8,.400,2.9,8.6,.341,3.0,6.2,.483,2.4,3.2,.761,1.7,5.7,7.4,2.0,2.2,0.7,1.5,3.9,17.2,110,108
73,72,3,40,7,73,15,1799,5.6,14.2,.394,3.2,8.6,.378,2.3,5.6,.418,2.5,3.3,.765,1.0,5.5,6.6,3.8,1.7,1.0,1.4,4.7,16.9,112,108
74,73,4,25,28,45,19,846,6.7,18.2,.366,0.9,3.8,.234,5.8,14.4,.401,3.5,4.6,.753,1.4,7.7,9.1,6.7,2.3,1.4,3.9,6.1,17.7,90,105
75,74,3,28,1,36,2,643,6.1,12.9,.470,1.2,3.4,.349,4.9,9.5,.512,1.3,2.3,.586,2.1,6.7,8.8,2.9,1.8,0.2,2.3,3.9,14.6,102,112
76,75,2,23,2,75,21,1421,9.1,17.1,.530,0.0,0.1,.000,9.1,17.1,.532,3.6,5.4,.669,3.0,9.0,12.1,2.8,1.9,1.6,2.5,5.2,21.8,109,109
78,77,3,29,14,71,33,2197,9.6,20.9,.461,2.4,7.2,.337,7.2,13.6,.527,3.1,4.3,.727,2.3,7.9,10.2,3.1,1.1,0.7,2.5,3.8,24.8,109,113
79,78,1,19,17,82,75,1743,7.8,17.4,.449,2.0,6.2,.321,5.8,11.2,.520,3.1,5.0,.624,2.6,6.9,9.6,1.6,1.8,1.9,3.0,7.2,20.7,102,110
81,80,4,24,0,64,1,973,3.9,11.2,.345,0.6,3.2,.190,3.3,8.1,.406,0.9,1.6,.548,1.0,3.4,4.4,6.6,1.4,0.4,2.2,4.0,9.2,91,111
82,81,0,25,30,77,0,1137,8.9,18.3,.487,2.6,6.9,.374,6.3,11.4,.556,1.9,2.5,.759,0.9,4.2,5.1,3.8,1.7,0.3,2.3,3.3,22.3,108,108
83,82,0,24,25,82,19,2397,9.7,21.8,.445,2.4,7.2,.329,7.3,14.5,.503,2.7,3.4,.798,1.0,4.0,5.0,4.3,1.8,0.2,3.3,3.0,24.5,102,115
84,83,4,28,0,13,0,125,6.3,20.4,.308,1.2,5.1,.231,5.1,15.3,.333,3.1,3.9,.800,0.0,4.3,4.3,5.5,3.1,0.0,2.7,7.1,16.9,84,107
85,84,4,29,2,68,64,2063,8.3,17.5,.476,1.8,4.3,.417,6.5,13.2,.495,3.6,4.2,.860,0.6,3.2,3.7,7.7,1.6,0.2,2.8,2.9,22.1,113,114
86,85,1,36,0,20,0,128,5.4,8.8,.609,0.0,0.4,.000,5.4,8.4,.636,1.9,3.1,.625,3.5,8.4,11.9,4.6,0.8,0.8,1.5,6.5,12.7,130,109
87,86,4,29,7,69,68,2292,10.5,22.9,.460,3.9,9.5,.408,6.7,13.4,.497,7.2,8.4,.859,0.7,4.8,5.5,9.8,2.1,0.4,3.5,2.9,32.1,121,108
88,87,0,24,8,39,1,316,5.8,11.3,.514,2.7,5.2,.515,3.1,6.1,.513,1.1,1.4,.778,1.6,6.6,8.2,4.4,0.9,0.3,2.7,3.6,15.4,117,113
89,88,4,23,1,14,0,188,8.8,17.6,.500,2.9,6.9,.423,5.9,10.7,.550,0.5,1.3,.400,0.3,1.6,1.9,6.9,1.1,0.0,3.5,3.5,21.1,105,114
90,89,2,26,1,72,72,2465,13.2,29.2,.452,2.7,7.4,.361,10.5,21.8,.483,10.5,13.6,.772,3.1,13.1,16.2,6.8,2.0,1.9,5.5,5.7,39.6,107,105
91,90,3,26,20,67,67,2119,6.7,16.8,.399,3.1,9.5,.333,3.6,7.4,.484,3.3,4.0,.822,2.1,7.9,10.0,2.3,2.9,1.6,3.0,4.7,19.9,100,105
92,91,0,24,8,79,7,2254,6.7,14.3,.468,3.0,6.7,.444,3.7,7.6,.490,2.3,2.7,.847,0.4,4.6,5.0,2.1,1.2,0.4,1.4,3.8,18.6,117,114
93,92,0,36,10,82,1,2157,8.3,20.2,.413,2.7,7.5,.360,5.6,12.7,.443,4.0,4.7,.857,0.4,2.6,3.0,5.0,1.4,0.3,3.1,2.7,23.4,102,112
94,93,0,28,3,19,0,442,11.6,24.2,.482,4.1,10.5,.389,7.5,13.6,.553,2.2,2.9,.769,0.4,3.3,3.8,6.3,1.2,0.2,2.8,3.3,29.6,110,112
95,94,3,26,27,72,72,2335,7.1,15.3,.463,3.3,8.4,.398,3.7,6.9,.540,3.7,4.6,.811,1.0,7.8,8.8,3.3,1.6,0.5,1.7,3.4,21.2,118,108
96,95,3,29,3,66,35,1649,5.2,10.7,.485,2.1,5.4,.392,3.1,5.3,.579,0.5,0.8,.593,1.7,6.6,8.2,1.1,1.2,0.8,0.8,3.0,12.9,114,109
97,96,4,26,18,70,42,2029,8.7,18.0,.481,3.5,8.3,.425,5.2,9.8,.528,2.2,2.6,.850,0.6,4.0,4.6,4.8,2.0,0.2,2.4,3.2,23.0,113,110
98,97,4,28,30,79,79,2638,12.3,26.3,.468,5.9,14.4,.411,6.4,11.9,.537,5.9,6.6,.898,1.1,5.3,6.4,9.6,2.6,0.3,4.4,3.3,36.5,119,105
99,98,0,25,7,67,3,1183,8.1,21.8,.374,6.1,15.6,.389,2.1,6.2,.336,1.9,2.4,.796,1.0,3.4,4.4,2.0,0.9,0.2,2.0,4.0,24.2,104,112
100,99,2,23,3,75,75,2708,13.9,27.6,.505,0.7,2.4,.299,13.2,25.2,.524,9.4,11.7,.802,3.1,12.9,16.0,2.8,1.7,3.0,3.3,3.0,38.0,112,102
104,103,3,22,11,77,2,1419,6.9,14.5,.473,2.0,6.3,.321,4.8,8.2,.591,1.3,2.3,.559,3.2,6.4,9.6,2.6,1.3,0.7,1.4,2.8,17.0,115,110
105,104,4,27,22,73,2,1248,5.7,15.3,.374,1.0,4.3,.236,4.7,11.0,.428,3.0,3.7,.806,0.4,4.5,4.9,7.6,1.5,0.0,3.8,4.4,15.4,92,109
106,105,4,26,12,76,54,1986,5.3,13.7,.390,2.0,5.5,.367,3.3,8.2,.404,2.1,2.5,.854,0.6,3.1,3.8,9.1,1.4,0.0,3.4,3.9,14.8,102,114
107,106,3,31,25,56,49,1486,5.4,13.9,.387,1.7,5.4,.309,3.7,8.5,.436,1.5,2.1,.730,2.1,7.6,9.7,2.4,1.6,0.7,1.4,2.0,13.9,101,113
108,107,0,27,29,74,74,2620,13.9,29.9,.467,0.6,2.4,.266,13.3,27.5,.484,10.5,12.5,.842,1.4,6.1,7.5,5.6,1.5,0.3,3.5,2.6,39.1,113,110
110,109,1,34,26,73,33,1283,6.0,13.4,.446,0.8,3.3,.247,5.1,10.1,.512,1.1,1.4,.743,1.9,4.6,6.5,6.9,0.7,0.4,3.6,3.4,13.8,99,109
111,110,1,27,4,82,82,2653,6.3,12.6,.502,0.3,0.8,.372,6.0,11.8,.511,2.6,3.2,.814,3.6,8.8,12.4,3.0,1.7,1.8,2.0,4.9,15.6,114,110
112,111,4,23,24,59,18,1334,4.8,10.7,.444,1.4,3.6,.376,3.4,7.1,.478,4.5,5.7,.792,1.0,4.9,5.8,6.6,1.6,0.8,2.3,4.2,15.4,116,112
113,112,4,30,7,24,0,394,5.7,15.4,.368,0.9,5.5,.167,4.8,9.9,.480,3.2,3.8,.828,1.7,6.3,8.1,7.4,2.4,0.7,2.8,6.6,15.4,99,106
114,113,4,30,16,73,73,2459,10.9,23.0,.475,2.4,5.9,.405,8.5,17.1,.499,6.1,7.7,.790,1.3,4.4,5.7,8.7,1.8,0.3,4.3,4.1,30.4,112,109
115,114,2,23,21,81,81,2409,10.1,19.1,.530,0.0,0.1,.286,10.1,19.0,.532,2.9,7.4,.386,7.2,16.1,23.4,1.9,2.6,1.9,3.2,5.0,23.2,104,99
116,115,1,31,17,64,7,1362,5.5,12.2,.454,2.7,7.1,.379,2.8,5.0,.559,1.5,2.3,.662,1.1,6.8,7.9,4.3,1.5,0.6,2.6,5.4,15.3,109,113
117,116,3,36,1,53,2,841,5.5,13.0,.423,3.1,7.9,.396,2.4,5.1,.465,2.1,2.7,.800,1.1,5.7,6.8,2.9,0.9,0.4,1.6,3.9,16.2,112,111
118,117,4,22,4,78,7,1333,4.5,11.9,.377,0.8,2.8,.288,3.7,9.1,.404,1.4,2.2,.610,0.9,5.4,6.3,7.2,3.0,1.4,3.4,6.8,11.1,90,109
119,118,3,28,30,62,62,2070,12.8,23.8,.537,2.7,7.3,.375,10.1,16.6,.608,7.8,8.9,.875,0.9,11.0,11.9,7.0,1.5,2.3,3.2,2.7,36.1,125,101
120,119,3,25,17,5,0,62,4.6,14.7,.316,3.1,12.4,.250,1.5,2.3,.667,6.2,6.9,.889,0.8,4.6,5.4,0.0,0.8,0.0,0.8,0.8,18.5,112,117
121,120,1,20,21,19,2,146,8.0,22.1,.359,3.5,12.1,.286,4.5,10.0,.448,1.4,2.8,.500,2.8,11.4,14.2,2.4,0.3,0.3,4.8,2.1,20.8,82,109
122,121,0,29,16,62,13,1500,7.8,18.7,.416,5.0,13.2,.378,2.8,5.4,.509,1.2,1.4,.860,0.6,3.8,4.4,2.4,1.2,0.1,1.0,2.4,21.8,114,111
123,122,0,31,6,74,33,1998,6.2,14.0,.443,1.1,3.4,.319,5.1,10.6,.483,2.3,3.2,.727,0.5,4.6,5.1,5.9,2.0,0.7,3.4,3.7,15.8,97,110
124,123,2,22,20,31,31,786,12.4,26.6,.466,2.2,6.1,.367,10.2,20.5,.495,11.8,15.1,.783,3.8,11.3,15.1,4.1,1.7,4.7,7.3,6.9,38.9,103,102
125,124,3,26,7,64,28,1501,5.1,11.1,.455,1.8,4.7,.372,3.3,6.4,.516,3.0,3.8,.782,2.4,6.6,9.0,2.2,1.6,0.7,2.0,5.7,14.9,113,108
126,125,4,22,1,53,2,588,7.4,17.1,.433,2.2,5.8,.386,5.2,11.4,.457,1.7,2.1,.840,0.7,3.0,3.7,7.1,2.1,0.2,3.7,4.8,18.8,102,114
127,126,3,27,1,40,6,788,9.4,23.3,.405,2.6,7.4,.356,6.8,15.9,.429,4.3,5.8,.750,0.8,7.8,8.6,7.8,2.2,0.6,3.8,3.8,25.9,99,108
128,127,4,21,26,66,26,1228,6.6,15.5,.427,1.9,6.4,.295,4.7,9.1,.519,2.5,3.1,.795,1.3,4.4,5.6,4.7,0.9,0.5,3.4,6.2,17.6,100,109
129,128,1,27,14,61,34,1296,8.6,15.7,.548,0.0,0.2,.000,8.6,15.4,.556,4.9,7.1,.693,6.9,10.5,17.4,2.1,1.6,1.5,2.2,4.7,22.1,123,110
131,130,1,25,26,50,39,1186,9.0,18.4,.487,0.1,0.4,.300,8.8,18.0,.491,3.0,4.8,.615,4.1,9.4,13.5,2.5,2.0,1.8,2.7,4.6,21.0,104,102
132,131,4,21,9,42,0,386,8.0,20.4,.392,0.9,2.8,.318,7.1,17.6,.404,4.5,6.3,.714,0.4,4.9,5.3,7.5,2.3,0.9,3.9,4.9,21.5,95,110
134,133,4,32,10,80,11,1700,6.5,15.1,.430,1.4,4.2,.319,5.1,10.9,.473,1.5,1.9,.781,1.0,5.4,6.4,5.6,1.9,0.6,2.4,3.7,15.8,101,109
135,134,4,23,1,46,29,1197,6.9,16.9,.406,2.9,7.6,.386,4.0,9.4,.422,3.2,3.8,.831,0.9,3.9,4.8,7.4,1.8,0.4,3.0,3.9,19.8,106,111
136,135,1,23,18,81,35,1642,3.9,10.6,.372,1.8,6.1,.293,2.2,4.5,.479,1.5,1.9,.754,1.7,5.3,7.0,2.1,1.6,0.8,1.4,4.0,11.1,99,110
137,136,0,23,5,36,0,285,6.4,17.7,.364,3.0,9.5,.321,3.4,8.2,.413,0.9,1.1,.833,0.4,3.8,4.1,4.1,0.2,0.0,2.0,3.6,16.8,95,110
138,137,0,24,15,68,66,2234,9.1,20.6,.439,2.8,8.0,.356,6.2,12.6,.491,4.9,6.1,.805,1.0,3.7,4.6,4.5,1.5,0.1,3.1,4.0,25.9,106,114
139,138,0,33,24,69,40,1284,4.4,12.0,.363,2.5,7.5,.330,1.9,4.5,.418,2.0,2.3,.857,0.3,5.4,5.7,5.0,1.3,0.3,3.0,3.7,13.2,95,113
140,139,4,26,3,65,35,1525,5.2,13.0,.403,1.3,4.1,.313,3.9,8.9,.446,3.1,4.1,.760,1.1,4.5,5.6,10.8,1.8,0.2,3.2,4.3,14.9,106,110
141,140,2,33,9,74,15,1398,8.5,18.6,.458,4.9,12.0,.409,3.6,6.6,.546,2.2,2.6,.851,1.3,9.0,10.4,1.6,1.2,1.3,1.9,4.9,24.1,115,109
142,141,3,28,14,63,63,2134,7.7,17.2,.447,2.9,7.4,.389,4.8,9.7,.491,8.0,8.9,.902,0.9,6.5,7.4,3.1,0.9,0.3,1.9,2.1,26.2,126,115
143,142,4,25,1,74,2,1495,6.8,18.0,.380,4.0,10.2,.390,2.9,7.8,.367,1.7,2.1,.797,0.9,4.3,5.2,3.1,1.5,0.2,1.5,3.2,19.3,101,111
145,144,2,32,7,74,74,2531,10.9,23.8,.459,2.1,5.5,.388,8.8,18.3,.480,5.7,6.8,.837,1.2,8.3,9.5,6.9,1.4,2.0,3.4,3.5,29.7,111,106
146,145,2,36,5,64,39,1627,9.5,18.9,.502,1.8,3.3,.538,7.7,15.7,.494,4.1,5.8,.707,3.4,12.3,15.7,4.7,0.8,2.2,2.5,3.4,24.8,116,102
147,146,3,30,2,30,30,1013,10.0,22.1,.455,2.1,5.6,.372,7.9,16.4,.483,5.9,6.9,.855,1.7,7.7,9.5,4.1,2.2,1.3,3.7,3.9,28.1,105,109
148,147,0,24,21,9,0,32,1.6,15.8,.100,0.0,6.3,.000,1.6,9.5,.167,3.2,3.2,1.000,3.2,1.6,4.7,3.2,0.0,0.0,0.0,3.2,6.3,64,114
149,148,3,29,14,13,0,89,1.6,7.7,.214,0.0,1.6,.000,1.6,6.0,.273,2.7,4.9,.556,2.2,6.0,8.2,3.3,2.7,0.5,2.2,7.7,6.0,78,111
150,149,3,26,6,75,75,2689,11.6,25.1,.461,3.6,9.2,.393,7.9,15.9,.501,6.3,7.0,.898,1.1,8.1,9.2,4.7,2.2,0.5,4.1,3.8,33.0,109,108
151,150,0,22,15,5,0,48,2.1,7.2,.286,1.0,2.1,.500,1.0,5.2,.200,9.3,10.3,.900,1.0,8.3,9.3,3.1,1.0,0.0,2.1,5.2,14.5,121,112
152,151,4,29,18,17,0,231,7.9,21.4,.368,3.4,10.1,.333,4.5,11.3,.400,4.7,6.5,.724,0.2,4.7,5.0,5.9,1.8,0.0,4.7,4.7,23.9,91,111
153,152,1,31,1,78,71,1989,9.2,17.8,.515,0.1,0.3,.231,9.1,17.5,.520,2.8,4.0,.715,4.0,8.2,12.2,1.8,1.0,1.6,2.6,4.1,21.3,107,107
154,153,0,39,5,69,0,1291,6.7,17.3,.390,3.5,9.0,.392,3.2,8.4,.387,3.4,4.2,.804,1.1,5.1,6.2,7.2,3.2,0.6,3.8,4.7,20.4,104,102
155,154,2,24,26,81,81,2744,7.9,11.9,.661,0.0,0.0,.000,7.9,11.9,.662,5.9,9.1,.653,6.0,13.8,19.8,1.9,0.9,4.1,2.8,4.7,21.7,129,99
156,155,0,22,1,15,0,214,8.0,14.7,.545,1.1,3.3,.333,6.9,11.3,.608,7.3,9.3,.786,1.6,4.7,6.2,5.3,0.9,1.1,3.1,1.8,24.5,122,113
157,156,3,21,15,80,72,2298,8.5,18.7,.454,1.7,5.8,.288,6.8,12.9,.528,3.4,4.7,.719,2.5,6.2,8.7,3.2,1.4,0.9,1.9,3.7,22.0,107,111
158,157,0,28,11,75,15,2323,8.5,21.0,.406,5.1,13.7,.372,3.4,7.3,.468,3.0,3.6,.840,0.6,3.6,4.2,3.9,1.0,0.8,2.5,3.1,25.1,109,113
159,158,2,32,23,82,82,2556,7.5,13.0,.579,0.0,0.0,.000,7.5,13.0,.580,2.0,3.1,.648,4.6,11.8,16.4,2.3,0.8,1.2,2.3,4.1,17.0,117,108
160,159,0,23,19,27,1,189,5.0,10.6,.475,2.4,4.0,.600,2.7,6.6,.400,2.7,4.0,.667,1.3,4.5,5.8,1.6,1.6,0.3,0.8,4.8,15.1,122,111
161,160,1,22,1,80,4,1531,4.9,10.5,.463,1.4,3.7,.371,3.5,6.8,.514,2.9,4.7,.612,1.2,5.4,6.6,1.5,1.1,2.5,1.4,4.8,14.0,111,108
162,161,4,24,28,63,28,1028,6.3,14.7,.425,2.4,6.6,.366,3.9,8.2,.473,3.2,3.6,.890,0.8,4.6,5.4,5.9,2.3,0.4,2.2,4.6,18.1,114,108
163,162,0,29,5,68,68,1807,5.0,12.7,.392,3.3,8.8,.379,1.6,3.9,.420,0.8,0.9,.844,0.9,5.4,6.3,3.5,2.0,1.6,2.1,3.4,14.0,103,104
164,163,1,26,30,76,76,2471,5.3,12.7,.418,1.6,5.1,.308,3.7,7.5,.494,2.9,4.1,.709,1.9,9.8,11.7,10.4,3.0,2.1,3.6,4.2,15.1,111,99
165,164,3,31,27,47,0,538,8.8,21.4,.409,3.6,10.2,.351,5.2,11.2,.463,3.0,3.8,.805,1.5,6.3,7.7,3.0,0.8,0.6,2.3,4.4,24.1,102,111
166,165,1,26,7,77,75,2101,6.2,12.4,.500,1.4,3.6,.379,4.8,8.8,.549,3.3,4.1,.802,4.1,9.3,13.5,2.1,1.2,0.8,2.3,6.1,17.1,117,107
167,166,1,30,15,69,11,1534,7.1,18.0,.394,1.7,6.2,.275,5.4,11.8,.458,4.7,5.4,.863,1.3,5.7,6.9,2.6,1.2,0.4,2.4,3.3,20.6,99,113
168,167,1,27,10,61,61,2076,11.5,23.4,.493,0.9,2.7,.336,10.6,20.7,.514,7.7,10.1,.760,2.7,9.3,12.0,7.2,1.4,0.5,3.4,3.8,31.7,115,108
169,168,2,26,24,64,7,1177,7.0,15.3,.459,2.2,7.2,.306,4.8,8.0,.598,1.6,2.1,.750,2.9,7.7,10.6,2.2,1.2,1.7,1.7,3.7,17.8,109,110
170,169,2,24,18,22,0,163,5.4,13.4,.405,1.6,3.2,.500,3.8,10.2,.375,2.9,6.4,.450,2.6,8.9,11.5,1.3,0.3,4.2,3.2,6.7,15.3,87,106
171,170,0,24,22,79,30,2154,9.5,20.9,.455,3.4,9.5,.357,6.1,11.3,.537,3.8,4.9,.766,0.8,4.3,5.1,4.2,1.3,0.3,2.4,2.4,26.2,110,109
172,171,4,27,11,81,81,2947,11.0,25.0,.440,4.3,12.3,.347,6.7,12.7,.530,12.1,14.3,.847,1.5,9.2,10.7,14.8,2.0,0.6,7.6,3.5,38.4,118,107
173,172,3,23,8,77,69,2223,7.0,13.9,.503,1.5,4.3,.351,5.5,9.6,.572,1.7,2.8,.621,2.8,4.8,7.6,2.0,1.9,1.6,1.9,4.8,17.3,112,110
175,174,2,23,11,58,14,1064,10.1,15.6,.652,0.0,0.3,.143,10.1,15.2,.663,3.4,5.5,.628,3.7,6.2,9.9,2.9,0.9,1.9,2.0,5.7,23.8,129,110
176,175,4,33,18,65,0,1087,6.5,16.3,.399,2.8,8.5,.328,3.7,7.9,.476,5.1,6.2,.829,0.5,5.6,6.1,6.5,2.1,0.3,2.7,4.8,20.9,108,109
177,176,0,22,14,57,56,1782,8.8,17.5,.502,2.9,7.0,.420,5.8,10.5,.558,2.8,3.7,.776,1.3,3.6,4.9,4.5,1.9,0.2,2.1,2.5,23.3,121,114
178,177,0,25,24,52,11,1138,6.4,15.1,.425,3.5,9.2,.385,2.9,5.9,.489,1.5,2.0,.714,0.7,5.5,6.1,2.2,1.2,0.3,2.3,5.0,17.8,101,113
179,178,0,27,18,4,0,25,6.2,31.2,.200,0.0,4.2,.000,6.2,27.1,.231,4.2,8.3,.500,6.2,12.5,18.7,4.2,0.0,0.0,4.2,2.1,16.7,61,110
180,179,1,24,21,82,48,2567,10.1,20.9,.481,2.1,6.2,.347,7.9,14.7,.537,3.7,4.4,.841,1.2,6.9,8.2,2.8,1.2,0.8,1.9,2.6,26.0,113,108
181,180,0,22,19,5,0,17,0.0,11.8,.000,0.0,5.9,.000,0.0,5.9,.000,3.0,5.9,.500,0.0,8.9,8.9,8.9,0.0,0.0,0.0,5.9,3.0,55,112
182,181,4,22,7,72,18,1474,4.1,12.7,.325,1.5,5.5,.276,2.6,7.2,.363,5.2,6.8,.763,0.8,4.0,4.8,7.0,1.9,0.7,3.0,6.8,15.0,100,109
183,182,2,36,16,16,0,130,4.3,8.9,.478,0.0,1.2,.000,4.3,7.8,.550,3.5,5.8,.600,3.1,10.9,14.0,2.3,2.3,0.4,3.1,8.5,12.0,98,103
184,183,1,28,1,54,1,797,8.5,17.5,.484,1.6,5.1,.309,6.9,12.4,.556,2.8,3.3,.846,2.4,9.7,12.1,5.1,0.9,1.9,3.1,4.9,21.3,108,107
185,184,3,26,26,73,73,2516,11.4,24.1,.471,3.1,7.8,.398,8.3,16.3,.506,7.5,8.9,.844,1.0,7.2,8.2,5.3,1.5,0.4,2.9,2.4,33.4,118,106
186,185,0,29,20,72,41,1667,6.8,16.2,.423,1.8,5.1,.353,5.1,11.1,.455,3.9,4.8,.806,1.0,4.4,5.4,3.3,1.2,0.4,1.8,3.8,19.3,106,112
187,186,2,26,12,58,39,1123,7.2,14.0,.515,0.0,0.0,.000,7.2,13.9,.516,3.3,4.8,.692,4.2,9.2,13.3,2.6,1.3,3.5,2.4,6.8,17.7,110,106
188,187,1,21,14,62,9,842,5.9,13.0,.451,2.7,6.6,.407,3.2,6.4,.495,3.3,4.4,.750,2.5,8.4,10.8,1.7,1.7,0.7,1.8,3.6,17.7,117,112
189,188,2,22,13,72,22,1324,9.3,17.6,.529,0.2,0.6,.267,9.1,17.0,.538,3.4,4.7,.728,6.4,12.5,19.0,3.6,1.5,1.4,3.8,5.7,22.2,111,107
190,189,3,21,15,65,2,960,6.0,17.0,.355,2.2,7.4,.299,3.8,9.6,.398,2.1,2.6,.800,1.0,6.5,7.5,3.2,1.5,0.8,3.0,3.8,16.4,87,111
192,191,0,23,1,82,55,1888,8.6,20.1,.426,3.9,10.0,.391,4.7,10.2,.461,1.7,2.0,.842,0.9,6.1,7.1,3.2,1.0,0.2,2.7,3.0,22.7,100,112
193,192,2,34,11,67,8,1198,9.8,15.9,.617,0.1,0.4,.333,9.7,15.5,.624,4.6,7.9,.589,3.8,7.5,11.3,2.6,2.2,1.6,2.9,6.5,24.4,118,106
194,193,4,30,26,49,49,1544,9.8,20.6,.477,3.2,7.9,.403,6.6,12.7,.523,5.3,6.7,.801,0.8,4.9,5.7,6.9,1.7,0.4,2.9,3.9,28.1,119,107
196,195,3,25,3,80,71,2374,3.8,9.9,.383,1.9,5.6,.348,1.8,4.3,.428,2.1,2.6,.805,1.1,5.3,6.3,2.9,1.5,0.7,1.7,3.8,11.6,103,109
197,196,0,23,21,39,1,381,6.2,16.7,.373,1.6,6.1,.261,4.6,10.6,.438,2.8,3.7,.750,0.3,4.1,4.4,4.4,1.5,0.3,3.7,5.2,16.8,87,109
198,197,4,26,3,67,61,2190,9.1,20.0,.454,2.2,6.3,.356,6.8,13.7,.498,2.7,3.8,.708,1.0,4.9,5.9,10.9,2.2,1.0,4.3,3.0,23.0,104,108
199,198,0,27,13,82,4,1639,7.1,16.4,.433,3.0,8.3,.355,4.1,8.1,.513,2.0,2.4,.825,0.8,6.0,6.9,3.1,2.0,0.9,2.0,3.3,19.2,108,111
200,199,3,22,24,78,50,1761,6.3,14.6,.434,0.4,1.8,.224,5.9,12.8,.463,5.1,6.8,.751,2.6,9.6,12.2,4.1,2.2,1.2,3.1,4.8,18.2,102,107
201,200,2,23,20,57,17,1193,9.4,16.8,.558,1.1,3.1,.351,8.3,13.7,.606,2.9,4.2,.699,3.8,8.9,12.7,2.4,1.7,2.2,2.2,5.6,22.8,117,106
202,201,0,24,26,59,55,1593,9.0,21.9,.408,3.8,10.1,.371,5.2,11.8,.440,3.0,3.8,.783,0.5,6.1,6.6,3.2,1.3,0.4,2.1,4.3,24.6,104,107
203,202,2,30,27,68,68,2193,8.6,18.1,.473,1.9,5.5,.355,6.6,12.6,.524,2.4,3.1,.800,2.1,8.4,10.5,7.6,1.2,1.9,2.6,3.1,21.5,114,107
205,204,2,31,22,74,74,2199,8.7,13.7,.633,0.0,0.0,.000,8.7,13.7,.635,5.1,9.5,.533,6.6,14.4,21.1,2.3,1.4,2.1,3.8,4.6,22.5,115,100
206,205,4,33,25,23,1,237,5.1,14.0,.368,0.8,3.9,.211,4.3,10.1,.429,1.9,3.5,.529,0.4,4.5,4.9,10.7,2.1,0.4,3.9,3.3,13.0,92,114
207,206,1,25,0,2,0,31,9.5,17.4,.545,3.2,6.3,.500,6.3,11.1,.571,0.0,1.6,.000,6.3,7.9,14.2,4.7,0.0,4.7,0.0,0.0,22.2,143,106
208,207,1,31,22,56,4,689,6.2,15.3,.407,1.4,3.9,.352,4.9,11.4,.425,4.6,5.9,.780,4.3,10.4,14.7,2.1,1.1,1.5,2.0,4.9,18.4,108,104
210,209,1,27,1,79,79,2422,9.7,20.2,.480,2.6,6.5,.391,7.1,13.7,.522,2.2,2.6,.856,2.7,8.4,11.1,1.5,0.8,2.6,2.2,4.4,24.2,109,109
211,210,3,33,30,76,0,1998,5.3,10.0,.528,1.5,4.3,.362,3.7,5.7,.651,1.7,2.5,.706,1.2,6.1,7.3,6.3,1.8,0.9,1.4,2.3,13.8,129,105
212,211,1,29,1,82,52,2142,8.8,20.3,.431,3.2,9.2,.353,5.5,11.1,.496,3.7,4.7,.778,2.6,8.4,11.0,3.2,1.3,0.5,2.6,4.8,24.4,107,108
213,212,3,29,26,82,26,1972,5.4,12.0,.452,3.3,7.4,.441,2.2,4.6,.471,1.3,1.8,.735,0.6,6.3,6.9,6.0,2.6,0.2,2.8,4.3,15.4,112,105
214,213,3,19,25,79,40,2279,5.9,14.7,.402,1.2,4.0,.294,4.7,10.7,.443,2.8,4.6,.621,1.3,5.5,6.8,3.5,1.1,0.8,2.5,3.4,15.8,96,115
215,214,4,24,9,72,72,2525,13.3,28.1,.473,3.5,8.7,.401,9.8,19.4,.505,5.9,6.5,.905,1.0,3.5,4.5,8.3,1.6,0.5,3.6,3.1,35.9,116,112
216,215,4,33,3,2,0,33,3.0,4.5,.667,0.0,1.5,.000,3.0,3.0,1.000,3.0,3.0,1.000,0.0,0.0,0.0,7.4,3.0,0.0,4.5,5.9,8.9,105,110
217,216,4,22,27,5,0,17,8.8,11.7,.750,2.9,2.9,1.000,5.8,8.8,.667,8.8,17.5,.500,5.8,5.8,11.7,8.8,0.0,0.0,0.0,0.0,29.2,167,114
218,217,4,25,18,8,1,84,8.1,24.2,.333,1.9,6.8,.273,6.2,17.3,.357,3.7,4.3,.857,0.6,5.0,5.6,11.8,1.2,0.0,1.9,3.1,21.7,99,112
219,218,4,26,21,52,50,1424,10.1,24.0,.419,2.3,6.5,.359,7.7,17.5,.442,4.2,4.8,.868,0.7,3.3,4.0,9.6,1.2,0.2,4.0,4.6,26.7,103,110
220,219,3,32,9,74,74,2794,13.1,24.0,.548,2.2,6.1,.363,10.9,17.9,.611,6.4,9.5,.674,1.7,9.7,11.4,11.5,1.6,0.8,5.4,2.4,34.9,119,108
221,220,2,32,6,66,1,931,12.6,25.3,.499,0.0,0.1,.000,12.6,25.3,.500,3.5,4.6,.765,4.0,10.9,14.9,3.1,1.0,0.9,1.8,6.7,28.8,109,108
222,221,3,36,9,79,13,1614,4.7,10.6,.446,1.9,5.8,.333,2.8,4.9,.580,2.5,3.3,.741,0.9,5.4,6.3,2.4,0.8,0.3,1.6,4.7,13.9,111,113
223,222,0,25,17,4,0,13,7.4,18.4,.400,3.7,7.4,.500,3.7,11.0,.333,7.4,7.4,1.000,0.0,3.7,3.7,3.7,0.0,0.0,0.0,0.0,25.8,135,119
224,223,4,27,1,81,13,1802,5.3,14.8,.359,2.2,7.0,.313,3.1,7.8,.399,3.2,4.2,.750,0.8,4.6,5.4,10.9,1.9,0.1,3.5,3.2,16.0,104,113
225,224,1,29,27,78,6,1232,4.6,10.5,.435,1.8,5.2,.346,2.8,5.3,.523,1.0,1.5,.703,2.4,8.6,10.9,2.9,1.0,0.7,1.6,4.9,12.0,109,109
226,225,1,29,27,80,77,1608,6.6,11.4,.576,0.8,2.0,.409,5.7,9.4,.612,2.1,3.1,.670,3.6,7.6,11.3,4.3,1.6,1.9,2.4,6.5,16.0,121,107
228,227,1,29,16,76,5,2085,8.9,18.6,.479,2.1,6.2,.340,6.8,12.4,.548,3.7,5.2,.707,1.6,7.5,9.1,6.7,1.8,2.1,4.1,4.8,23.6,107,105
229,228,3,35,26,78,14,1843,7.8,17.8,.436,3.0,7.3,.411,4.8,10.5,.454,1.8,2.2,.818,0.9,6.0,6.9,4.1,1.0,0.5,2.0,2.6,20.3,109,108
230,229,3,20,21,77,1,1371,4.8,13.4,.353,1.7,5.7,.292,3.1,7.8,.398,1.3,2.0,.679,1.3,5.6,7.0,3.9,2.1,0.9,2.6,4.5,12.5,88,107
231,230,4,24,16,73,0,2178,8.3,19.1,.433,2.2,5.8,.372,6.1,13.3,.460,4.5,5.9,.768,1.2,5.6,6.8,5.4,1.9,1.0,2.1,4.1,23.2,112,107
232,231,3,29,10,68,3,810,4.5,12.3,.365,1.8,7.3,.246,2.7,5.1,.537,0.7,1.0,.647,1.6,9.6,11.2,1.4,1.8,1.9,1.1,5.1,11.5,94,105
233,232,2,21,14,73,59,2038,11.8,20.5,.578,1.1,3.3,.324,10.8,17.1,.628,4.5,5.5,.825,5.1,12.1,17.2,8.6,1.5,1.3,4.1,5.1,29.3,126,109
234,233,3,36,9,1,0,12,12.5,33.3,.375,0.0,8.3,.000,12.5,25.0,.500,12.5,16.6,.750,4.2,4.2,8.3,4.2,0.0,0.0,4.2,4.2,37.4,97,116
236,235,3,19,17,32,8,545,6.0,10.6,.562,0.3,1.0,.273,5.7,9.7,.591,2.5,3.6,.707,3.4,3.5,6.9,1.1,1.2,1.1,1.1,5.5,14.8,124,115
237,236,3,36,9,48,2,381,5.8,12.1,.478,4.1,8.6,.470,1.7,3.4,.500,1.7,2.6,.650,0.4,4.5,4.8,1.8,0.8,1.3,1.3,4.8,17.3,122,113
238,237,1,25,1,54,12,1270,8.9,19.0,.470,0.7,2.9,.253,8.2,16.1,.508,4.0,6.6,.606,2.5,9.3,11.8,2.3,1.5,2.1,1.9,2.6,22.5,103,105
239,238,4,20,4,60,0,774,4.9,11.9,.414,1.7,4.8,.356,3.2,7.1,.454,2.2,2.8,.767,0.7,3.7,4.4,10.2,3.1,0.3,2.5,3.3,13.7,114,111
240,239,2,28,10,81,81,2570,8.0,11.2,.714,0.0,0.0,.000,8.0,11.2,.717,4.0,8.3,.482,5.8,15.9,21.7,1.9,1.0,2.6,2.2,4.1,20.0,129,102
241,240,4,25,29,80,22,2003,7.6,16.7,.452,1.2,3.4,.356,6.4,13.3,.477,2.4,3.1,.770,1.3,4.7,5.9,6.7,1.7,0.3,2.7,3.5,18.7,108,110
242,241,2,23,19,75,16,1954,8.2,20.6,.399,3.0,9.1,.328,5.2,11.5,.455,3.0,4.0,.756,1.5,7.2,8.6,4.2,1.2,0.9,2.0,3.6,22.4,102,110
243,242,2,24,0,72,0,1533,12.9,23.6,.545,0.2,1.2,.132,12.7,22.4,.568,7.2,9.1,.786,6.2,9.2,15.4,2.1,1.0,1.2,3.9,4.9,33.1,116,107
244,243,1,25,22,16,0,110,3.6,12.5,.286,1.8,4.5,.400,1.8,8.1,.222,2.2,2.7,.833,0.4,7.6,8.1,3.6,1.8,2.2,1.8,2.2,11.2,87,104
245,244,3,23,19,81,81,2349,6.3,13.2,.477,0.0,0.2,.111,6.3,13.0,.483,3.2,4.1,.784,3.3,8.7,12.1,2.4,1.7,1.6,1.2,4.0,15.9,113,106
246,245,0,27,24,70,24,1754,8.2,19.9,.415,2.8,8.3,.341,5.4,11.5,.468,5.5,6.5,.843,0.6,7.0,7.6,4.2,1.2,0.2,3.6,3.2,24.8,102,112
247,246,0,25,17,54,5,1140,8.8,22.0,.398,1.9,5.8,.324,6.9,16.2,.425,5.5,6.5,.857,1.0,3.9,5.0,5.5,1.1,0.2,3.7,3.7,25.0,101,116
248,247,0,35,1,67,22,1753,6.8,14.6,.464,4.6,10.2,.451,2.2,4.4,.494,1.1,1.2,.905,0.2,5.1,5.3,3.1,1.0,0.6,2.0,3.0,19.2,116,111
249,248,2,27,2,71,62,1419,7.7,14.0,.551,0.0,0.0,.000,7.7,13.9,.552,1.4,2.2,.613,4.2,10.2,14.4,1.7,1.3,1.7,2.2,6.1,16.8,109,109
250,249,3,27,13,68,5,1016,7.8,18.2,.428,2.7,8.3,.321,5.1,9.9,.517,2.7,3.3,.809,2.3,3.9,6.2,3.4,1.4,0.5,2.5,3.9,20.9,107,114
251,250,1,20,2,33,12,612,9.7,18.0,.537,0.2,0.7,.375,9.4,17.4,.543,4.3,6.1,.703,4.2,9.2,13.4,2.2,1.3,1.1,3.1,5.3,23.9,110,110
252,251,0,24,19,62,5,1143,9.9,21.5,.460,1.8,6.4,.281,8.1,15.1,.536,4.8,5.7,.853,1.3,10.3,11.6,3.3,1.2,1.0,1.8,4.3,26.5,109,108
253,252,4,27,5,18,3,174,5.9,13.8,.426,2.9,7.9,.370,2.9,5.9,.500,2.6,2.6,1.000,0.3,2.6,2.9,8.2,1.2,0.3,5.6,5.6,17.3,99,108
254,253,5,25,1,70,1,980,7.5,16.9,.440,1.7,4.9,.337,5.8,12.0,.483,2.3,3.7,.630,3.6,9.0,12.6,3.5,1.3,0.3,2.8,4.2,18.9,104,108
255,254,0,21,4,47,47,1749,9.5,20.6,.459,3.5,9.0,.387,6.0,11.6,.515,3.4,4.1,.836,0.6,4.1,4.6,4.0,1.2,0.3,2.5,3.0,25.8,112,115
256,255,4,29,2,69,24,1732,6.9,15.2,.454,1.0,3.4,.288,5.9,11.8,.502,5.1,6.3,.797,1.3,3.9,5.2,9.8,2.2,0.2,3.8,3.5,19.9,110,113
257,256,3,22,8,35,1,249,5.2,17.7,.292,2.6,10.2,.255,2.6,7.6,.342,2.6,3.4,.765,1.2,3.6,4.8,2.2,1.8,0.6,2.2,4.4,15.6,84,113
258,257,0,31,13,77,74,2459,6.5,14.3,.456,2.2,5.5,.401,4.3,8.8,.490,1.7,2.0,.867,1.1,4.2,5.3,3.6,1.6,0.5,1.4,2.9,17.0,115,114
260,259,2,23,17,77,34,1560,7.1,14.2,.497,0.1,0.4,.250,7.0,13.8,.503,4.6,6.4,.721,4.8,10.9,15.6,1.4,1.2,3.0,3.1,7.4,18.8,108,108
261,260,3,25,5,74,74,2474,13.1,27.0,.485,3.0,8.0,.380,10.1,19.1,.529,9.7,11.0,.880,1.6,7.2,8.9,5.4,2.7,1.1,3.2,2.5,38.9,121,102
262,261,1,24,8,74,12,1222,5.9,15.4,.386,3.0,8.7,.347,2.9,6.7,.436,1.4,1.6,.875,1.1,8.5,9.6,2.9,0.5,1.1,1.4,7.0,16.3,105,112
263,262,1,27,21,75,34,1944,8.1,16.8,.480,1.3,4.3,.293,6.8,12.4,.545,2.5,2.9,.867,2.7,7.8,10.4,2.9,0.8,0.7,1.7,3.8,19.9,113,109
264,263,3,22,24,57,26,1237,6.6,14.6,.450,2.3,7.1,.321,4.3,7.5,.571,2.6,3.6,.720,0.9,6.3,7.2,4.2,1.9,0.3,2.3,3.5,17.9,107,111
265,264,0,28,1,62,19,777,3.5,9.1,.387,1.1,3.0,.370,2.4,6.2,.396,1.6,2.6,.625,1.3,5.7,6.9,3.5,3.0,0.9,2.7,5.2,9.8,92,107
266,265,4,26,8,75,75,2694,12.2,27.4,.444,3.9,10.7,.370,8.2,16.8,.492,9.0,10.0,.895,0.8,5.9,6.8,8.1,1.3,0.4,3.6,2.8,37.3,118,113
267,266,4,28,24,36,33,883,9.4,21.5,.438,3.1,8.4,.372,6.3,13.1,.480,6.2,7.6,.816,0.6,6.7,7.2,9.9,2.3,0.8,4.6,4.2,28.1,109,109
268,267,4,31,30,76,3,1345,6.2,11.3,.547,0.0,0.1,.333,6.2,11.2,.550,1.5,2.1,.700,1.0,4.4,5.4,5.0,1.4,0.7,2.2,4.3,13.9,110,108
269,268,2,24,20,18,0,234,12.7,22.7,.560,1.5,4.0,.368,11.2,18.7,.600,4.0,7.3,.543,8.5,9.2,17.7,2.7,1.9,1.9,2.7,10.2,30.8,118,106
270,269,2,20,30,53,4,447,6.0,11.5,.523,0.2,1.0,.222,5.8,10.5,.551,2.3,3.7,.618,4.7,8.6,13.3,3.1,1.6,1.8,1.8,6.9,14.5,118,103
271,270,2,28,24,75,75,2222,11.8,25.0,.474,2.9,8.3,.346,9.0,16.7,.536,6.3,7.8,.810,2.6,6.0,8.6,3.8,0.8,2.6,3.9,4.1,32.8,108,111
272,271,2,28,28,81,81,2271,8.5,17.2,.493,0.0,0.0,.000,8.5,17.1,.494,1.7,2.3,.721,5.4,6.1,11.5,1.8,0.4,2.6,2.0,3.3,18.6,108,108
273,272,1,28,9,60,60,1885,9.8,23.0,.427,3.8,10.3,.373,6.0,12.7,.471,6.8,7.8,.871,3.9,13.7,17.6,3.1,1.4,0.6,3.2,3.3,30.2,114,107
274,273,4,30,29,60,60,2244,9.6,20.7,.464,4.4,10.6,.412,5.3,10.2,.518,6.8,8.2,.819,1.1,5.4,6.5,9.4,2.0,0.4,3.9,3.8,30.4,123,109
276,275,3,21,20,69,19,1190,5.9,14.8,.402,2.0,6.6,.311,3.9,8.2,.475,4.3,5.0,.854,1.0,5.1,6.1,3.1,1.3,0.4,3.0,6.3,18.2,100,111
277,276,1,21,26,71,4,1158,7.2,19.9,.362,2.9,9.2,.319,4.3,10.6,.400,2.6,3.6,.722,2.2,8.5,10.6,3.1,1.2,0.9,2.9,4.4,19.9,94,106
278,277,0,24,23,30,3,287,5.2,12.9,.400,1.2,5.2,.233,4.0,7.7,.511,4.0,4.6,.852,0.7,5.2,5.8,2.6,1.4,0.3,0.9,2.9,15.5,112,112
279,278,4,26,26,55,9,1205,7.4,16.6,.446,1.6,5.2,.308,5.8,11.4,.510,2.3,3.4,.688,0.9,4.6,5.4,6.7,1.8,0.1,3.9,4.4,18.7,99,107
281,280,2,19,12,57,34,562,7.5,16.4,.459,2.5,6.7,.378,5.0,9.7,.514,2.9,4.4,.653,3.6,6.7,10.3,2.1,0.9,2.3,1.5,7.6,20.4,114,110
283,282,1,22,7,42,3,558,5.4,14.1,.384,0.8,2.3,.360,4.6,11.7,.389,3.7,4.7,.800,3.9,11.2,15.1,0.7,1.6,0.8,2.6,8.5,15.4,96,105
284,283,0,30,18,73,73,2495,6.9,17.7,.393,3.6,10.0,.363,3.3,7.7,.432,3.0,3.7,.816,0.4,5.0,5.4,4.4,1.6,0.3,2.1,3.4,20.6,104,110
285,284,3,30,10,80,76,1787,5.3,10.6,.505,1.2,3.1,.391,4.1,7.5,.552,1.6,2.4,.678,1.2,3.5,4.8,1.1,2.3,1.0,1.3,3.4,13.5,111,109
286,285,1,24,30,52,2,457,6.5,12.3,.530,0.2,0.8,.250,6.3,11.5,.550,2.2,4.4,.500,3.6,6.0,9.6,1.9,1.9,3.1,2.0,4.9,15.5,108,103
287,286,0,21,30,71,20,1074,4.7,11.0,.433,1.8,5.5,.333,2.9,5.5,.533,1.3,1.7,.784,0.9,3.5,4.5,3.4,1.4,0.7,1.6,2.8,12.6,107,108
288,287,0,25,8,80,80,2796,12.3,25.6,.480,3.3,7.8,.421,9.0,17.8,.506,4.8,5.2,.912,1.1,4.1,5.1,5.1,1.3,0.7,3.1,3.6,32.6,114,113
289,288,4,24,20,81,51,2133,5.4,11.7,.461,0.3,1.3,.200,5.1,10.4,.492,1.7,2.1,.811,0.9,4.8,5.7,12.2,3.1,0.2,3.6,3.2,12.7,107,108
290,289,1,21,1,16,0,80,9.5,19.0,.500,0.6,4.2,.143,8.9,14.9,.600,1.8,3.0,.600,5.4,5.9,11.3,1.2,1.2,1.2,1.8,4.2,21.4,107,112
291,290,3,23,1,49,0,505,7.3,15.9,.456,1.9,6.2,.303,5.4,9.7,.553,3.0,3.6,.842,1.4,6.3,7.7,1.2,1.8,1.7,2.7,4.6,19.4,100,109
292,291,3,25,1,66,5,1508,7.4,16.5,.447,2.6,6.9,.370,4.8,9.6,.502,2.4,2.8,.845,0.7,5.3,5.9,1.9,0.4,0.2,1.3,2.6,19.6,112,112
293,292,2,29,30,77,10,739,13.5,20.8,.652,0.0,0.2,.000,13.5,20.6,.658,3.6,7.2,.505,6.5,9.4,15.9,1.1,1.2,4.4,2.6,7.1,30.7,120,101
294,293,0,25,16,78,65,1966,4.9,11.8,.413,1.9,5.6,.332,3.0,6.2,.488,1.1,1.8,.620,2.4,4.2,6.6,3.2,1.2,0.5,1.4,3.6,12.7,108,110
295,294,0,23,2,61,26,1176,7.7,18.0,.430,2.8,7.3,.382,4.9,10.7,.462,3.0,4.0,.753,0.8,4.7,5.6,2.2,1.2,0.3,2.7,4.6,21.3,99,114
296,295,0,25,9,37,4,384,7.5,19.5,.387,2.3,6.6,.353,5.2,12.9,.404,3.5,4.4,.794,0.8,4.5,5.3,2.5,1.0,0.8,1.8,4.0,20.9,99,113
297,296,1,29,16,22,14,381,5.8,15.6,.373,1.7,4.1,.419,4.1,11.5,.356,0.8,1.2,.667,3.0,6.7,9.8,6.6,1.3,0.5,3.0,4.1,14.2,97,108
298,297,0,29,15,36,10,738,6.9,17.2,.402,3.8,9.2,.409,3.2,8.0,.395,4.4,5.0,.878,0.3,4.8,5.2,3.0,2.3,0.3,2.4,2.8,22.0,107,111
299,298,2,30,18,73,11,905,5.1,7.9,.642,0.1,0.2,.333,5.0,7.7,.649,2.1,3.5,.590,5.6,12.1,17.7,0.8,1.8,3.5,2.3,8.7,12.2,121,102
300,299,1,22,27,25,1,141,5.3,12.0,.441,0.0,0.4,.000,5.3,11.6,.455,2.8,4.9,.571,4.6,7.4,12.0,2.5,1.1,2.1,3.2,4.2,13.4,96,108
301,300,3,25,12,29,23,889,8.6,19.0,.450,2.6,5.9,.433,6.0,13.1,.459,4.6,5.3,.880,0.6,6.4,7.0,5.7,2.3,0.4,3.7,4.5,24.3,106,109
302,301,3,29,6,76,29,1776,7.9,18.2,.434,4.8,11.5,.413,3.2,6.7,.471,2.4,2.6,.903,0.8,5.6,6.5,1.4,1.3,0.7,1.1,4.3,23.0,115,111
303,302,3,36,14,20,0,151,2.9,7.4,.391,2.6,6.5,.400,0.3,1.0,.333,0.6,0.6,1.000,0.6,11.6,12.3,7.1,0.6,0.0,4.2,2.9,9.1,98,113
304,303,4,28,5,80,8,1754,7.9,18.0,.440,4.3,10.3,.414,3.7,7.7,.474,1.9,2.3,.825,0.7,3.4,4.1,8.1,1.9,0.1,2.9,3.2,22.1,114,107
305,304,0,29,17,2,0,23,2.1,14.6,.143,0.0,4.2,.000,2.1,10.4,.200,2.1,4.2,.500,6.2,6.2,12.5,2.1,0.0,0.0,4.2,4.2,6.2,57,117
306,305,1,31,22,69,67,2343,9.0,20.4,.442,1.6,5.1,.311,7.5,15.4,.486,6.5,8.5,.768,2.3,8.9,11.2,5.3,1.9,1.3,3.3,3.9,26.2,108,104
307,306,1,25,28,70,15,1679,7.7,18.8,.413,3.9,11.3,.342,3.9,7.4,.520,3.0,3.8,.773,1.8,9.7,11.5,2.3,1.6,1.7,2.4,3.8,22.3,107,105
308,307,2,26,12,81,0,1823,10.8,20.2,.533,0.0,0.1,.000,10.8,20.1,.536,4.9,6.7,.741,4.7,10.2,14.8,5.2,2.6,1.1,3.9,4.7,26.5,111,105
309,308,0,27,3,73,22,1820,7.6,16.7,.457,2.1,5.6,.370,5.5,11.1,.501,1.5,2.0,.770,0.9,3.2,4.1,4.4,1.3,0.9,1.7,3.5,18.8,107,111
310,309,3,27,21,79,79,2565,8.3,19.8,.418,2.3,7.0,.331,6.0,12.8,.466,2.9,3.6,.784,1.5,5.7,7.2,3.2,1.0,0.5,1.7,3.3,21.8,105,109
311,310,1,27,23,76,76,2374,8.4,18.5,.457,1.5,4.1,.362,7.0,14.4,.483,3.7,4.5,.837,2.2,8.0,10.2,2.6,1.7,0.9,2.7,5.3,22.1,106,109
312,311,0,31,1,49,7,714,6.8,17.4,.389,2.8,9.2,.308,3.9,8.2,.479,2.3,2.6,.919,0.8,1.3,2.1,1.7,1.7,0.1,0.4,3.0,18.7,112,112
313,312,1,26,3,34,0,479,5.8,14.1,.413,1.1,4.8,.234,4.7,9.3,.505,2.6,5.0,.510,2.7,7.7,10.3,3.3,1.8,1.1,3.2,5.6,15.3,91,106
314,313,2,30,25,54,52,1104,7.5,14.5,.515,0.0,0.0,.000,7.5,14.4,.517,2.8,3.4,.808,4.6,7.1,11.7,1.9,0.7,1.4,3.2,5.9,17.7,106,114
315,314,4,20,14,55,41,1406,7.2,19.1,.377,1.9,6.2,.315,5.3,13.0,.408,4.5,5.8,.784,1.0,5.2,6.2,7.5,1.4,0.5,4.3,3.3,20.9,98,114
316,315,3,24,4,78,1,1516,9.6,20.0,.482,1.6,4.9,.338,8.0,15.2,.528,4.9,6.4,.774,2.8,4.5,7.4,1.2,0.7,0.2,1.9,2.9,25.8,114,116
317,316,4,20,5,38,8,322,7.9,18.4,.431,1.4,3.6,.391,6.5,14.7,.441,3.3,4.7,.700,0.9,5.7,6.6,7.6,1.3,0.9,6.0,4.6,20.6,91,106
318,317,0,19,14,82,10,1764,8.2,20.2,.404,3.2,9.5,.334,5.0,10.7,.466,2.9,3.3,.883,1.1,4.8,5.9,4.7,1.4,0.7,3.1,3.4,22.5,103,114
319,318,2,25,22,70,3,1237,6.8,13.4,.504,1.8,4.4,.418,4.9,9.0,.546,2.0,2.6,.766,3.0,6.5,9.6,3.8,1.2,1.6,2.2,3.9,17.3,116,107
320,319,1,24,25,63,7,1442,6.4,12.2,.526,0.3,1.2,.278,6.1,11.0,.554,2.0,2.7,.738,4.1,8.4,12.5,3.2,2.8,1.3,1.9,5.0,15.2,117,109
321,320,4,25,8,53,2,512,7.1,17.7,.399,3.3,8.9,.370,3.8,8.8,.429,3.7,4.8,.776,0.8,5.1,5.9,6.5,3.1,0.2,4.0,3.7,21.1,102,109
322,321,1,24,13,32,4,331,5.9,13.0,.453,0.2,1.1,.143,5.7,11.9,.481,2.9,3.9,.731,3.3,6.3,9.7,1.2,2.3,1.2,1.8,4.5,14.8,104,110
323,322,0,32,22,2,0,18,0.0,19.2,.000,0.0,5.5,.000,0.0,13.7,.000,11.0,11.0,1.000,0.0,2.7,2.7,2.7,0.0,0.0,0.0,2.7,11.0,61,114
324,323,4,34,14,75,39,2045,6.4,14.4,.444,2.5,6.5,.388,3.9,7.9,.489,1.1,1.5,.714,0.7,3.9,4.6,9.2,1.3,0.2,3.1,4.7,16.4,111,115
325,324,4,24,26,40,0,346,6.2,13.8,.451,1.5,4.7,.323,4.7,9.1,.517,1.2,1.4,.889,0.6,3.9,4.5,5.2,3.2,0.8,2.3,7.3,15.2,105,104
326,325,1,23,6,23,0,93,4.8,19.4,.250,0.5,6.5,.083,4.3,12.9,.333,1.1,1.1,1.000,1.1,8.1,9.1,2.7,1.6,0.0,2.7,3.2,11.3,62,110
327,326,1,27,1,38,0,342,6.1,15.8,.387,0.7,3.8,.185,5.4,12.0,.452,1.3,2.0,.643,2.1,6.5,8.7,1.4,2.3,0.9,2.4,7.8,14.2,85,108
328,327,2,31,13,46,46,1015,4.9,10.0,.490,0.0,0.0,.000,4.9,9.9,.493,1.7,3.8,.436,8.0,11.9,19.9,5.1,1.5,1.8,2.9,6.3,11.4,111,108
329,328,2,22,1,51,19,1047,8.8,14.8,.595,0.0,0.0,.000,8.8,14.8,.597,3.7,5.3,.694,4.5,9.6,14.1,2.4,3.1,2.4,2.4,6.0,21.3,119,102
330,329,2,24,29,57,6,1088,4.8,7.3,.660,0.1,0.6,.250,4.7,6.7,.694,2.0,3.1,.657,3.8,7.5,11.4,2.0,2.4,4.1,2.1,6.4,11.8,125,102
332,331,1,38,18,54,54,1424,10.8,24.8,.437,2.9,7.6,.378,7.9,17.1,.463,3.6,4.1,.875,0.8,12.1,12.9,3.0,1.1,1.4,1.9,4.1,28.1,103,106
333,332,2,22,1,65,48,1391,9.6,18.9,.507,0.0,0.0,.000,9.6,18.8,.508,4.2,7.4,.571,5.4,11.1,16.5,4.3,1.8,2.6,5.1,5.7,23.4,101,107
334,333,0,24,25,20,2,397,5.8,9.9,.580,0.1,0.6,.200,5.6,9.3,.605,3.1,4.8,.641,2.1,5.6,7.7,1.7,1.6,0.9,1.4,4.4,14.7,121,114
335,334,1,23,1,11,0,80,9.3,18.5,.500,1.9,3.7,.500,7.4,14.8,.500,3.1,3.7,.833,5.6,6.2,11.7,3.7,0.0,0.6,3.7,6.2,23.5,112,115
336,335,2,26,13,79,8,1229,8.7,16.8,.521,0.1,0.7,.118,8.7,16.1,.538,2.6,3.4,.771,6.4,11.5,17.9,4.8,1.5,4.2,3.1,7.1,20.2,114,105
339,338,0,24,0,67,67,2222,9.1,20.6,.442,2.8,7.8,.361,6.3,12.8,.491,2.6,3.4,.753,0.9,5.6,6.4,3.9,1.7,0.5,2.6,3.4,23.6,106,109
340,339,2,25,27,75,6,1538,8.4,16.4,.512,2.2,6.2,.354,6.2,10.2,.608,2.9,4.0,.732,2.4,9.3,11.6,4.8,1.4,0.9,3.1,6.7,21.9,113,107
343,342,3,21,23,79,5,1605,5.7,13.6,.421,1.7,5.8,.287,4.1,7.8,.520,2.3,3.0,.758,1.9,6.1,8.0,1.4,1.8,0.5,1.5,6.0,15.4,104,110
344,343,2,32,30,70,70,1268,6.2,11.6,.534,0.0,0.1,.000,6.2,11.6,.538,3.7,4.8,.778,5.3,10.2,15.6,5.0,2.2,1.3,3.3,6.3,16.2,118,101
345,344,2,19,2,22,0,355,8.0,14.5,.549,0.0,0.3,.000,8.0,14.3,.560,1.7,2.0,.857,3.4,8.8,12.3,2.9,0.4,2.4,3.4,6.3,17.7,104,111
346,345,1,21,12,51,50,1728,11.7,23.9,.490,1.9,5.2,.365,9.8,18.7,.525,4.8,6.4,.743,2.3,6.9,9.2,4.2,1.5,0.6,2.7,3.3,30.1,110,110
347,346,4,34,5,63,63,1587,8.5,18.3,.466,0.7,2.2,.333,7.8,16.1,.484,2.7,3.8,.726,0.3,3.3,3.6,9.2,1.1,0.1,2.9,3.0,20.5,107,109
348,347,3,28,7,34,34,675,5.8,17.1,.338,1.9,7.2,.269,3.9,9.9,.388,2.7,3.3,.814,0.5,6.0,6.5,4.2,1.5,0.4,1.8,4.0,16.2,93,109
349,348,0,25,22,5,0,40,3.7,18.5,.200,1.2,7.4,.167,2.5,11.1,.222,2.5,3.7,.667,1.2,7.4,8.6,7.4,1.2,0.0,4.9,7.4,11.1,64,108
350,349,1,27,29,65,8,1599,4.9,12.2,.401,3.0,8.0,.372,1.9,4.2,.458,1.4,1.9,.717,2.0,7.3,9.3,2.4,1.3,0.7,1.2,3.8,14.1,115,109
351,350,4,31,10,61,61,1921,9.7,20.4,.476,3.2,7.9,.411,6.5,12.6,.518,6.0,6.8,.892,1.0,6.9,7.9,14.6,3.1,0.2,3.8,3.8,28.7,126,106
352,351,1,25,4,18,0,135,8.6,20.3,.426,1.1,5.6,.200,7.5,14.7,.513,5.3,7.1,.737,3.4,9.0,12.4,2.6,3.0,2.6,3.0,12.0,23.7,103,105
353,352,4,22,1,31,0,462,6.9,20.7,.332,2.9,9.2,.314,4.0,11.5,.346,0.5,0.9,.625,0.3,4.8,5.1,5.9,1.5,0.4,3.1,5.6,17.1,86,110
354,353,4,22,15,82,58,2412,8.8,18.7,.471,0.8,3.0,.274,8.0,15.7,.509,3.0,4.3,.692,1.8,6.1,8.0,10.9,1.8,0.8,3.7,3.6,21.5,107,111
355,354,4,24,12,6,0,99,4.1,11.3,.364,0.5,4.6,.111,3.6,6.7,.538,1.5,2.6,.600,0.0,6.2,6.2,6.7,1.5,2.1,5.1,4.6,10.3,74,109
356,355,3,39,10,25,7,277,5.1,12.6,.400,2.7,7.8,.349,2.3,4.9,.481,1.8,2.3,.769,0.2,8.5,8.7,1.8,0.7,0.9,2.9,7.2,14.6,92,109
358,357,2,26,1,81,64,2148,7.7,14.3,.536,0.0,0.1,.000,7.7,14.2,.541,4.0,6.9,.580,3.9,10.0,13.9,6.5,1.6,2.1,3.1,5.2,19.4,114,108
361,360,3,23,23,80,80,2605,7.8,15.2,.516,2.8,6.5,.434,5.0,8.7,.576,1.9,2.3,.832,2.2,7.5,9.7,2.3,2.2,0.8,0.8,3.7,20.3,129,108
362,361,1,21,28,64,13,1000,9.2,18.9,.488,1.6,4.8,.333,7.6,14.1,.541,2.0,3.0,.661,3.8,11.1,14.9,1.8,0.8,0.6,1.9,4.7,22.0,110,107
363,362,1,21,13,66,65,2164,10.2,22.8,.450,2.6,7.3,.357,7.6,15.5,.493,4.6,5.8,.786,2.6,8.4,11.0,2.2,1.1,3.0,2.7,5.6,27.6,108,109
364,363,2,25,18,77,3,1333,7.6,14.7,.515,0.8,2.9,.284,6.8,11.8,.571,4.2,5.5,.759,3.6,8.3,11.9,1.9,2.4,1.5,1.3,5.3,20.1,120,105
365,364,0,23,29,76,18,1368,8.4,18.7,.449,2.1,6.4,.324,6.3,12.3,.514,4.7,5.9,.792,1.0,5.3,6.3,3.0,1.9,0.5,2.6,4.7,23.6,109,109
366,365,1,23,20,6,1,157,7.8,16.8,.463,1.9,5.9,.316,5.9,10.9,.543,2.5,3.1,.800,3.4,5.6,9.0,1.6,0.9,0.6,0.9,4.3,19.9,115,112
367,366,4,33,17,14,0,134,1.4,8.6,.167,1.1,6.1,.176,0.4,2.5,.143,1.1,1.4,.750,1.1,2.9,3.9,6.4,3.9,0.4,1.1,5.0,5.0,86,110
368,367,0,22,8,16,0,80,8.1,18.0,.448,3.1,8.1,.385,5.0,9.9,.500,0.0,1.9,.000,2.5,6.2,8.7,6.8,1.2,1.9,6.8,3.7,19.2,88,111
369,368,4,23,1,26,0,299,6.6,16.3,.408,2.7,7.8,.340,4.0,8.5,.471,6.8,7.1,.953,1.0,4.3,5.3,5.6,1.5,0.3,3.2,6.5,22.8,115,113
370,369,1,22,25,74,73,2132,8.6,17.7,.488,0.4,1.4,.270,8.2,16.2,.507,4.7,6.4,.723,3.4,11.1,14.5,6.0,1.1,0.8,4.0,5.7,22.3,107,112
371,370,1,35,7,73,5,1786,12.6,28.1,.449,0.6,2.7,.223,12.0,25.3,.474,4.1,5.6,.731,5.3,12.1,17.4,3.6,1.1,0.3,2.9,4.0,29.9,103,106
372,371,0,32,10,78,78,2198,9.0,20.2,.445,4.6,10.6,.429,4.4,9.6,.462,4.1,4.6,.891,0.3,3.6,3.9,2.5,1.2,0.3,2.2,2.8,26.7,113,112
373,372,2,26,16,71,5,1031,7.9,13.9,.568,0.0,0.2,.250,7.9,13.7,.573,2.4,4.3,.557,6.3,9.9,16.2,1.3,0.9,2.3,1.5,6.7,18.3,122,105
374,373,0,23,16,53,34,1614,6.3,16.0,.394,2.3,7.1,.330,4.0,8.9,.444,1.9,2.4,.779,1.1,4.2,5.2,4.4,1.9,1.2,2.0,4.1,16.8,102,108
375,374,0,21,2,22,0,198,7.2,17.4,.412,2.0,7.2,.286,5.1,10.2,.500,3.8,4.9,.789,0.8,5.1,5.9,2.8,1.3,0.3,2.0,5.9,20.2,102,114
376,375,0,24,10,74,29,2054,7.9,17.8,.442,2.7,7.3,.371,5.2,10.5,.491,3.2,4.6,.691,0.5,3.4,3.9,5.0,1.2,0.2,2.8,4.5,21.6,105,112
377,376,3,25,0,79,79,2376,4.4,9.6,.464,0.9,3.8,.245,3.5,5.8,.609,1.0,2.3,.423,2.0,6.3,8.3,1.6,1.9,1.6,1.1,4.2,10.8,108,106
378,377,4,31,19,41,2,416,5.5,14.7,.377,2.0,5.3,.386,3.5,9.4,.372,4.0,4.7,.846,0.6,4.1,4.7,6.3,1.1,0.1,3.1,2.2,17.1,100,112
379,378,3,23,6,69,27,1427,5.5,11.9,.467,1.7,4.4,.392,3.8,7.5,.512,1.9,2.7,.711,2.0,6.6,8.6,1.6,1.4,0.7,1.3,2.2,14.7,112,110
380,379,1,25,25,48,1,560,9.1,17.1,.536,0.0,0.1,.000,9.1,17.0,.538,2.7,5.7,.470,7.3,12.1,19.4,2.7,2.3,0.8,4.0,6.6,21.0,105,109
381,380,4,30,20,68,30,1518,6.7,17.2,.392,3.0,8.1,.365,3.8,9.1,.415,0.6,0.9,.667,0.7,4.4,5.0,11.0,1.6,0.1,4.1,3.0,17.0,99,112
382,381,4,30,28,69,42,1843,6.3,15.3,.408,1.4,3.6,.376,4.9,11.7,.418,0.8,1.4,.600,2.0,7.7,9.7,12.6,2.7,0.3,4.6,3.9,14.7,98,105
383,382,4,28,13,64,64,2082,11.0,23.5,.471,0.3,1.4,.217,10.7,22.0,.487,5.3,6.1,.874,1.6,4.3,5.9,6.8,1.1,0.4,3.5,2.0,27.7,108,115
384,383,3,25,1,78,24,1955,8.4,19.2,.437,3.6,10.1,.363,4.7,9.1,.518,1.6,2.0,.831,0.5,4.8,5.3,2.3,2.2,0.8,1.7,3.7,22.1,107,109
385,384,4,22,27,74,0,1263,5.9,16.1,.367,2.2,7.0,.318,3.7,9.1,.405,2.0,2.6,.773,1.6,7.3,8.9,5.1,1.8,0.4,1.8,2.7,16.1,100,108
386,385,4,26,4,75,75,2469,5.4,13.4,.402,1.2,4.0,.306,4.1,9.3,.443,5.2,5.9,.891,1.4,4.9,6.3,14.0,2.6,0.2,4.0,4.1,17.2,115,112
388,387,0,31,4,47,33,1030,3.4,9.2,.374,2.2,5.6,.386,1.3,3.6,.356,0.6,0.9,.722,0.8,4.1,4.9,2.2,1.1,1.1,1.4,2.1,9.7,101,115
389,388,4,20,25,63,60,1811,9.4,23.3,.405,3.6,10.3,.352,5.8,13.0,.447,4.0,5.1,.782,0.8,5.1,5.9,8.2,2.3,0.4,4.7,3.5,26.5,101,113
390,389,1,20,0,81,66,1632,5.8,14.5,.399,1.5,4.8,.321,4.2,9.7,.438,1.3,2.0,.657,1.4,7.3,8.7,2.5,1.2,1.0,2.5,6.0,14.4,93,108
392,391,1,22,20,81,36,2129,8.7,21.2,.411,2.4,7.8,.311,6.3,13.4,.469,3.9,5.0,.782,2.6,9.2,11.7,4.2,1.3,0.7,4.2,3.7,23.8,96,109
393,392,0,25,23,57,3,719,4.2,10.1,.415,0.6,2.5,.243,3.6,7.5,.473,1.6,2.3,.697,1.7,4.0,5.7,6.3,1.8,0.4,2.6,4.1,10.6,101,111
394,393,4,23,22,79,78,2485,10.9,24.1,.451,2.0,5.8,.340,8.9,18.2,.487,4.3,5.1,.855,0.8,4.1,4.9,9.9,1.5,0.3,5.1,3.0,28.0,103,109
395,394,1,36,24,36,1,461,7.3,15.5,.470,1.7,5.1,.340,5.6,10.4,.535,2.6,3.8,.676,5.2,9.0,14.3,3.8,1.4,0.4,3.5,6.5,18.9,107,110
396,395,1,28,22,18,0,195,4.3,14.9,.288,1.0,6.8,.148,3.3,8.1,.406,1.8,2.0,.875,2.5,6.8,9.4,4.3,1.0,0.8,2.0,3.0,11.4,85,108
397,396,3,32,22,62,42,1596,5.4,12.2,.441,1.3,3.7,.342,4.1,8.5,.484,1.7,2.3,.733,1.7,6.7,8.3,3.3,3.0,1.0,1.8,3.0,13.7,105,103
398,397,0,22,1,14,5,236,5.4,12.6,.431,1.5,6.1,.250,3.9,6.5,.600,3.0,4.8,.636,0.2,3.3,3.5,2.8,1.3,0.2,2.6,3.9,15.5,96,111
399,398,1,27,6,49,3,559,9.8,17.7,.551,0.0,0.2,.000,9.8,17.5,.556,1.3,2.0,.636,3.7,9.0,12.7,2.1,0.6,1.8,2.6,5.9,20.8,106,109
400,399,4,30,19,50,1,811,6.2,16.3,.380,1.3,3.8,.339,4.9,12.4,.393,5.6,7.3,.771,0.7,3.8,4.5,8.0,1.7,0.2,2.8,2.7,19.3,103,111
401,400,0,26,9,76,31,1937,5.2,12.6,.411,2.4,6.7,.360,2.8,5.9,.469,1.8,2.3,.789,1.0,4.6,5.6,2.8,1.6,0.7,2.0,3.9,14.6,104,112
402,401,1,22,29,55,38,859,6.1,12.1,.502,0.1,0.4,.143,6.0,11.7,.515,1.3,1.9,.688,3.8,7.1,10.9,1.0,1.5,2.7,1.9,6.4,13.5,106,106
403,402,0,27,5,78,8,1392,6.5,15.4,.420,1.1,3.7,.294,5.4,11.7,.461,3.6,4.8,.750,0.7,5.1,5.9,4.6,1.7,0.9,2.8,5.3,17.7,100,105
404,403,3,28,0,32,2,385,4.3,10.6,.410,0.9,4.7,.189,3.4,5.9,.587,1.7,2.2,.765,1.0,5.1,6.1,1.1,0.9,0.6,1.4,3.7,11.2,99,111
405,404,0,22,27,79,24,2399,5.6,15.5,.359,1.9,6.9,.283,3.6,8.6,.420,4.2,5.2,.812,1.6,4.7,6.3,7.5,2.6,0.7,3.3,4.0,17.3,102,108
406,405,4,28,21,81,32,1955,8.5,19.4,.439,0.7,2.7,.267,7.8,16.6,.467,1.9,2.6,.706,0.5,5.5,6.1,10.8,1.6,0.9,2.9,3.3,19.6,103,108
407,406,0,31,9,41,35,1187,5.2,15.0,.346,4.0,11.4,.351,1.2,3.6,.329,0.4,0.6,.667,0.7,4.0,4.8,2.6,1.7,0.5,1.1,3.2,14.8,101,112
408,407,2,30,23,74,3,1068,8.0,15.2,.529,1.7,3.6,.474,6.3,11.6,.546,1.6,2.4,.686,3.0,9.0,11.9,1.7,1.0,2.5,2.7,7.8,19.4,110,108
409,408,0,25,12,80,80,2336,5.3,11.8,.455,3.1,7.7,.406,2.2,4.0,.548,1.0,1.3,.810,0.5,4.9,5.4,2.1,1.2,0.3,1.2,2.7,14.8,114,113
410,409,2,29,10,82,2,1286,9.5,21.3,.445,4.0,10.8,.372,5.5,10.5,.520,4.7,5.3,.876,3.4,11.1,14.5,2.5,0.9,1.6,2.7,8.9,27.6,114,106
411,410,2,32,20,8,0,76,9.0,19.9,.452,1.3,3.8,.333,7.7,16.0,.480,5.8,7.1,.818,5.1,9.0,14.1,2.6,0.6,0.6,3.8,5.1,25.0,105,110
412,411,0,23,20,80,27,2188,5.6,14.1,.396,2.9,8.0,.368,2.6,6.1,.433,2.7,3.3,.813,0.5,4.6,5.0,4.2,1.0,0.7,2.9,3.2,16.8,100,112
413,412,0,26,1,18,0,361,7.4,16.5,.450,0.8,2.8,.300,6.6,13.8,.480,1.1,1.8,.615,0.6,6.6,7.2,8.1,0.7,0.4,3.6,4.4,16.8,96,112
416,415,4,30,6,39,0,696,6.5,17.5,.373,1.4,4.3,.317,5.2,13.2,.391,5.8,7.7,.748,0.4,5.6,6.0,6.0,1.2,0.0,3.8,3.2,20.2,94,112
417,416,1,24,29,11,1,118,6.4,20.2,.319,1.3,7.7,.167,5.2,12.5,.414,1.7,3.4,.500,4.3,7.3,11.6,1.3,1.7,0.4,1.7,7.3,15.9,86,108
419,418,4,22,11,4,0,52,0.9,6.5,.143,0.0,1.8,.000,0.9,4.6,.200,0.9,1.8,.500,0.9,1.8,2.8,2.8,0.9,0.9,0.0,5.5,2.8,73,114
420,419,4,28,6,82,82,2657,7.6,17.1,.442,1.7,4.7,.357,5.9,12.4,.475,6.8,7.8,.867,0.6,5.6,6.2,12.0,1.9,0.6,4.1,3.1,23.6,115,110
421,420,1,31,12,70,2,1133,7.0,18.7,.373,4.7,13.7,.341,2.3,5.1,.460,1.6,2.0,.778,0.5,6.8,7.3,2.2,0.5,0.6,1.7,4.9,20.2,99,113
422,421,0,30,2,65,21,1728,5.4,12.6,.424,2.4,6.4,.373,3.0,6.2,.476,1.7,2.2,.784,0.9,4.5,5.4,4.9,2.5,0.8,2.3,4.1,14.8,106,111
423,422,0,39,12,74,0,1365,3.9,9.0,.432,2.7,6.4,.427,1.2,2.7,.444,0.9,1.1,.828,0.6,3.4,3.9,3.6,1.7,0.7,1.3,3.5,11.4,116,112
424,423,4,27,27,76,76,2569,13.2,28.4,.463,4.7,12.5,.379,8.4,16.0,.528,11.4,12.5,.909,0.8,3.1,4.0,8.6,1.4,0.3,4.1,3.2,42.4,122,112
425,424,1,28,13,46,15,968,5.0,12.6,.398,2.0,4.4,.447,3.0,8.2,.371,2.2,2.6,.843,1.7,5.7,7.3,1.8,1.1,0.3,1.3,4.4,14.2,108,114
426,425,0,25,1,40,9,752,5.0,13.0,.385,2.1,6.2,.337,2.9,6.8,.429,1.2,1.9,.655,1.2,6.0,7.3,2.3,1.3,0.4,0.7,4.5,13.3,102,111
427,426,0,26,30,78,78,2649,11.7,25.0,.468,4.9,11.8,.414,6.8,13.2,.516,3.4,4.0,.853,0.9,4.3,5.2,2.9,1.2,0.7,2.3,2.5,31.6,111,108
428,427,2,25,9,78,78,2336,5.6,9.3,.600,0.0,0.1,.000,5.6,9.3,.604,2.3,4.6,.498,6.1,9.2,15.3,1.6,0.8,1.8,1.4,3.8,13.5,128,109
429,428,0,29,23,33,1,575,7.2,18.0,.400,2.4,6.9,.350,4.8,11.1,.431,2.0,2.3,.852,1.9,4.6,6.5,3.5,1.6,0.3,2.1,4.1,18.8,102,112
431,430,1,31,2,65,9,1477,5.3,12.0,.442,3.1,7.9,.391,2.2,4.1,.537,2.1,2.8,.744,1.7,6.4,8.1,2.6,1.2,0.7,1.9,3.7,15.8,113,113
433,432,2,21,4,82,82,3030,13.4,24.8,.542,1.7,4.6,.367,11.7,20.2,.582,6.0,7.2,.832,5.0,11.9,16.9,3.7,0.9,1.7,3.5,4.0,34.5,121,110
434,433,3,31,1,81,21,2236,4.3,10.5,.413,1.5,4.3,.357,2.8,6.2,.451,1.6,2.0,.774,2.5,7.7,10.2,2.2,2.5,0.4,1.4,4.3,11.7,109,109
435,434,3,28,8,65,12,1658,7.0,16.5,.426,0.9,3.5,.263,6.1,13.0,.470,2.5,3.1,.825,1.1,6.3,7.4,6.1,1.6,0.7,3.0,3.6,17.5,100,111
436,435,2,20,6,81,81,2541,8.7,17.1,.511,0.8,2.3,.348,8.0,14.9,.536,4.8,6.0,.809,2.7,8.9,11.6,2.1,1.5,3.4,2.1,5.2,23.1,115,105
437,436,4,34,21,39,0,560,8.3,17.8,.467,1.0,2.9,.344,7.3,14.9,.491,2.9,3.1,.941,0.5,4.6,5.1,11.8,1.2,0.0,3.2,2.6,20.5,112,110
438,437,4,21,17,61,15,1123,7.8,18.6,.421,0.9,3.4,.266,6.9,15.3,.455,2.3,3.0,.775,0.9,3.2,4.0,9.6,2.0,0.2,3.3,3.1,18.9,102,114
439,438,1,23,18,9,0,115,7.2,17.2,.421,1.4,4.1,.333,5.9,13.1,.448,2.3,3.2,.714,3.6,6.3,10.0,4.1,0.9,1.8,1.4,3.6,18.1,107,109
440,439,2,24,29,80,80,2066,9.6,17.2,.557,0.0,0.0,.500,9.6,17.2,.557,4.3,5.3,.811,5.5,13.1,18.6,1.4,0.9,1.5,2.6,5.3,23.5,120,105
441,440,0,23,28,57,0,976,5.3,14.9,.354,3.8,10.7,.351,1.5,4.1,.363,0.7,0.9,.778,0.6,7.2,7.8,3.3,1.5,0.4,2.5,4.4,15.0,95,108
442,441,4,22,29,37,0,294,6.7,19.1,.351,1.9,5.0,.379,4.8,14.1,.341,3.1,3.8,.818,0.7,6.6,7.2,6.0,2.8,0.5,2.6,6.2,18.4,96,106
444,443,4,30,24,3,0,39,2.4,9.7,.250,1.2,3.6,.333,1.2,6.1,.200,2.4,3.6,.667,0.0,2.4,2.4,6.1,1.2,1.2,1.2,7.3,8.5,91,113
445,444,0,20,12,41,2,458,6.3,17.3,.365,2.9,9.0,.321,3.4,8.3,.413,0.2,0.6,.400,0.4,5.0,5.4,2.6,2.1,1.1,1.6,3.5,15.7,89,110
446,445,1,21,8,74,41,1265,5.1,10.6,.481,0.3,0.8,.350,4.8,9.8,.492,2.4,3.7,.638,5.1,10.0,15.2,1.2,1.2,1.1,2.5,6.0,12.8,106,110
447,446,2,26,15,75,55,2163,11.1,23.6,.468,0.5,1.7,.307,10.5,21.9,.481,2.5,3.7,.669,4.0,13.8,17.9,4.8,1.7,1.7,2.7,4.1,25.1,103,105
448,447,0,32,13,42,4,408,5.1,16.7,.309,2.8,9.1,.311,2.3,7.6,.306,2.1,2.9,.708,1.5,5.8,7.2,6.4,1.6,0.2,2.0,4.7,15.2,98,113
449,448,0,35,28,60,59,1792,11.6,26.8,.434,1.3,4.1,.310,10.4,22.8,.456,6.3,7.9,.794,1.8,5.8,7.6,6.4,2.4,1.2,3.9,3.1,30.8,103,106
450,449,0,25,16,46,43,1384,10.2,24.1,.424,3.1,7.8,.395,7.1,16.3,.438,3.0,4.6,.646,0.7,4.9,5.6,7.3,1.5,0.7,3.8,3.5,26.6,101,109
451,450,4,26,19,79,79,2739,11.8,26.5,.444,4.4,11.0,.399,7.4,15.5,.476,5.6,6.6,.847,0.8,4.8,5.6,7.9,1.6,0.4,3.1,2.2,33.5,113,111
452,451,4,26,23,78,78,2836,11.2,24.9,.451,1.5,4.7,.327,9.7,20.2,.480,7.3,9.2,.801,1.0,4.6,5.7,14.4,2.7,0.9,5.6,2.6,31.4,111,108
453,452,3,22,22,59,10,981,5.7,14.3,.400,1.7,5.1,.324,4.1,9.2,.443,3.7,4.7,.787,1.3,6.6,7.9,2.8,2.2,1.4,3.1,4.8,16.8,96,105
454,453,3,23,17,66,59,2048,9.4,19.0,.495,0.6,2.3,.265,8.8,16.7,.527,2.8,3.6,.773,2.9,5.0,7.9,1.8,1.8,0.9,1.3,4.1,22.2,113,113
455,454,4,32,15,62,9,1012,4.7,12.1,.387,1.6,5.1,.305,3.1,7.0,.448,2.8,3.2,.864,0.8,3.6,4.4,5.6,2.1,0.1,2.3,4.1,13.8,103,112
456,455,4,24,1,20,0,205,6.1,14.5,.417,0.2,2.4,.100,5.8,12.1,.480,2.7,3.9,.688,1.9,4.4,6.3,5.1,2.9,0.2,1.9,3.9,15.0,100,107
457,456,2,36,30,68,0,854,7.6,14.2,.536,0.2,0.5,.375,7.4,13.7,.541,2.4,3.2,.768,2.6,8.8,11.4,8.5,2.4,2.7,4.4,5.9,17.8,109,100
458,457,4,28,0,81,81,2802,14.4,34.0,.425,3.5,10.2,.343,10.9,23.8,.459,12.4,14.7,.845,2.4,12.7,15.1,14.7,2.3,0.5,7.7,3.3,44.8,112,104
459,458,1,24,16,35,0,471,3.5,9.3,.379,1.3,3.6,.353,2.2,5.7,.396,2.1,2.4,.909,2.7,6.1,8.8,2.2,1.1,1.1,1.9,5.6,10.5,104,108
460,459,4,21,24,73,26,1643,5.9,14.7,.402,1.3,4.3,.295,4.6,10.4,.446,2.6,3.3,.805,0.9,4.4,5.3,5.5,1.2,1.0,4.1,5.0,15.7,91,113
462,461,3,21,4,82,82,3048,11.8,26.1,.452,1.7,4.8,.356,10.1,21.3,.473,6.9,9.0,.760,1.7,3.8,5.5,3.1,1.4,0.5,3.1,3.0,32.2,107,115
463,462,0,26,15,22,0,108,3.7,14.2,.258,1.4,6.9,.200,2.3,7.3,.313,0.9,0.9,1.000,1.8,3.7,5.5,5.5,0.9,0.5,2.8,3.7,9.6,77,114
464,463,2,24,17,47,0,708,9.3,18.1,.517,0.0,0.1,.000,9.3,18.0,.519,4.7,7.6,.625,6.4,13.4,19.7,1.6,1.8,2.2,2.5,8.5,23.4,113,106
465,464,4,32,1,64,44,1657,8.2,18.6,.438,2.6,7.3,.363,5.5,11.4,.486,2.8,3.4,.826,0.4,4.1,4.6,11.2,1.0,0.2,4.3,4.3,21.7,106,113
466,465,1,25,1,50,11,804,6.7,15.2,.443,1.9,6.0,.309,4.9,9.2,.531,3.6,5.6,.652,1.2,6.9,8.1,1.7,0.9,0.4,1.7,3.7,19.0,106,111
467,466,0,30,1,81,1,1994,10.4,24.3,.429,4.0,10.8,.365,6.4,13.4,.480,9.8,11.1,.880,0.6,4.3,4.9,5.8,1.9,0.5,3.9,2.2,34.6,115,113
468,467,1,30,19,76,76,2295,6.5,15.4,.422,2.7,7.7,.350,3.8,7.7,.494,2.9,3.3,.873,1.9,9.0,10.9,2.3,1.3,1.2,1.3,2.9,18.6,111,108
469,468,3,30,3,6,0,79,5.0,14.3,.348,3.1,6.8,.455,1.9,7.4,.250,3.7,4.3,.857,1.2,2.5,3.7,2.5,1.9,0.0,0.0,1.2,16.7,115,111
470,469,3,22,1,30,16,557,6.7,15.3,.437,1.6,5.7,.290,5.0,9.6,.524,1.9,2.9,.656,1.4,4.9,6.3,2.3,2.5,0.9,2.9,5.5,16.9,95,107
471,470,1,24,11,14,0,44,4.4,15.3,.286,4.4,14.2,.308,0.0,1.1,.000,1.1,2.2,.500,4.4,6.5,10.9,2.2,3.3,1.1,5.5,4.4,14.2,81,105
472,471,3,20,16,18,15,625,6.5,18.1,.356,0.6,2.8,.200,5.9,15.3,.384,2.3,3.8,.617,1.9,5.7,7.6,5.3,2.1,0.5,2.7,4.2,15.8,88,107
473,472,2,26,26,51,1,432,6.7,12.5,.534,0.0,0.1,.000,6.7,12.4,.539,4.4,5.8,.750,6.3,8.4,14.7,0.8,1.9,3.9,1.7,6.3,17.7,124,100
474,473,1,21,19,13,0,107,5.6,10.8,.522,0.0,2.3,.000,5.6,8.4,.667,5.2,7.0,.733,6.6,7.0,13.6,0.9,1.4,2.8,3.3,5.2,16.4,113,106
475,474,3,37,25,25,2,160,5.8,20.7,.279,2.7,11.6,.237,3.0,9.1,.333,3.0,4.9,.625,1.5,4.6,6.1,3.3,3.0,0.6,2.1,5.5,17.4,84,111
476,475,1,29,7,28,5,447,9.7,15.7,.615,0.0,0.1,.000,9.7,15.6,.619,2.7,4.1,.657,3.6,5.5,9.1,1.7,1.3,2.3,1.2,4.9,22.0,127,107
477,476,4,24,29,27,0,446,5.6,13.2,.422,1.1,3.4,.333,4.4,9.8,.453,4.8,6.3,.764,1.8,3.6,5.5,6.5,3.1,1.3,2.8,3.5,17.0,111,107
478,477,0,21,27,29,0,220,5.6,13.1,.431,2.7,7.9,.343,2.9,5.2,.565,1.4,2.0,.667,1.4,4.5,5.9,0.9,2.3,0.5,0.9,3.4,15.3,108,109
479,478,4,24,6,33,0,135,9.6,26.7,.361,1.9,8.5,.217,7.8,18.2,.429,4.1,5.6,.733,0.4,5.9,6.3,5.6,1.5,0.0,1.9,1.9,25.2,93,111
480,479,0,31,25,60,60,1556,8.5,19.8,.430,5.3,13.2,.404,3.2,6.6,.481,2.4,2.8,.856,0.8,3.5,4.3,1.8,1.2,0.4,1.1,4.3,24.8,118,116
481,480,1,28,6,74,74,2237,8.1,15.4,.527,1.0,2.6,.381,7.1,12.7,.557,1.0,1.9,.523,2.9,7.1,10.0,2.7,2.5,0.6,2.1,3.0,18.2,109,107
482,481,1,24,19,62,58,1725,7.4,12.9,.571,0.0,0.0,.000,7.4,12.9,.572,3.9,5.7,.679,3.9,7.9,11.8,2.9,1.8,1.7,1.9,5.5,18.6,121,107
483,482,2,27,27,51,5,525,7.4,14.9,.494,0.0,0.1,.000,7.4,14.8,.497,2.1,3.7,.564,4.1,7.7,11.7,4.0,0.7,2.0,1.9,5.8,16.8,109,109
485,484,3,22,28,44,18,843,5.3,13.2,.398,2.0,5.9,.333,3.3,7.3,.451,1.9,2.4,.775,0.9,6.6,7.5,2.2,0.9,1.0,2.4,4.7,14.3,96,109
486,485,2,19,25,38,11,609,10.1,19.0,.529,0.0,0.2,.000,10.1,18.8,.536,2.6,3.9,.653,3.3,9.4,12.7,2.4,1.1,2.6,2.4,5.3,22.7,108,110
