Rk,Player,Pos,Age,Tm,G,GS,MP,FG,FGA,FG%,3P,3PA,3P%,2P,2PA,2P%,FT,FTA,FT%,ORB,DRB,TRB,AST,STL,BLK,TOV,PF,PTS
1,0,0,23,0,68,6,1055,4.6,11.6,.393,3.2,8.4,.381,1.4,3.2,.426,1.5,1.7,.898,0.6,2.3,2.9,1.4,1.3,0.3,1.1,3.9,13.9
2,1,1,26,1,38,1,558,4.5,11.0,.412,2.4,5.8,.411,2.1,5.2,.413,2.9,3.9,.750,1.3,6.1,7.4,1.2,0.9,1.0,1.4,4.3,14.3
3,2,2,23,0,80,80,2389,5.6,9.9,.571,0.0,0.0,.000,5.6,9.9,.572,2.4,3.9,.611,4.2,5.0,9.2,1.3,1.3,1.2,2.2,2.9,13.6
4,3,0,31,2,61,45,1580,4.2,9.6,.440,1.4,3.4,.411,2.8,6.1,.457,1.9,2.1,.892,0.2,2.6,2.8,1.8,0.5,0.1,1.0,2.4,11.7
5,4,2,28,3,39,15,584,5.5,11.0,.500,0.0,0.2,.000,5.5,10.7,.511,1.8,2.5,.725,2.8,8.1,10.9,0.7,1.2,1.4,1.9,4.7,12.8
7,6,1,31,5,72,72,2335,7.7,16.2,.477,0.4,0.9,.411,7.4,15.3,.480,3.4,4.2,.812,2.7,5.4,8.1,2.1,0.7,1.4,1.5,2.4,19.2
8,7,1,27,6,61,5,871,3.2,6.9,.458,0.0,0.0,.000,3.2,6.9,.461,1.0,1.4,.697,4.3,4.7,9.1,2.4,0.7,1.0,1.2,3.2,7.3
9,8,0,35,7,71,66,1914,5.2,11.2,.461,0.3,1.0,.278,4.9,10.2,.479,1.5,2.4,.615,3.1,4.2,7.4,1.8,2.2,0.5,1.9,3.3,12.1
10,9,3,26,8,61,25,1773,3.7,9.5,.393,1.4,4.3,.330,2.3,5.2,.445,1.9,2.8,.706,1.6,7.6,9.2,2.0,1.2,0.9,1.9,2.1,10.8
11,10,2,38,9,12,0,114,2.8,6.9,.409,0.0,0.9,.000,2.8,6.0,.474,3.2,4.4,.714,2.8,6.9,9.8,1.6,1.6,2.2,1.6,6.3,8.8
12,11,3,34,10,30,0,308,3.5,9.4,.375,1.6,5.1,.318,1.9,4.2,.444,1.4,1.9,.750,0.4,2.5,2.8,1.3,0.4,0.0,0.8,4.1,10.1
13,12,3,23,1,75,10,1228,5.5,12.9,.424,1.7,5.7,.299,3.8,7.2,.522,3.0,3.8,.791,2.0,5.2,7.2,1.9,1.2,0.7,1.9,3.2,15.6
14,13,0,23,5,72,14,1020,3.3,7.4,.445,0.5,1.4,.375,2.8,6.0,.462,1.6,2.0,.789,1.2,6.2,7.3,3.2,1.8,0.9,1.4,2.2,8.7
15,14,1,28,11,72,72,2116,5.5,13.2,.418,3.5,8.6,.403,2.0,4.5,.446,2.2,2.6,.860,1.9,3.7,5.6,1.2,0.5,0.2,0.9,2.4,16.7
16,15,3,22,12,80,80,2845,8.3,15.9,.521,0.6,2.3,.272,7.7,13.7,.563,6.0,7.7,.770,1.8,7.1,8.9,5.5,1.7,1.9,3.0,3.1,23.2
17,16,3,32,13,74,74,2538,8.5,19.7,.433,2.1,6.0,.359,6.4,13.7,.466,4.3,5.2,.833,0.9,5.3,6.2,3.0,0.9,0.5,2.2,2.8,23.5
19,18,3,31,11,80,80,2773,4.2,10.4,.409,2.5,7.2,.344,1.8,3.2,.556,1.2,1.6,.738,0.7,5.2,5.9,2.3,1.9,0.3,0.9,1.7,12.2
20,19,1,28,14,41,7,639,5.4,12.1,.442,3.0,6.6,.453,2.4,5.5,.429,1.1,1.2,.864,1.4,4.9,6.3,2.4,1.1,1.2,2.0,4.3,14.8
22,21,4,29,15,78,20,1538,4.6,12.1,.377,2.2,6.4,.347,2.3,5.7,.412,3.1,3.8,.814,0.4,2.4,2.7,4.9,0.7,0.0,2.1,2.4,14.4
23,22,3,27,16,68,55,1065,3.8,9.5,.402,2.9,7.1,.414,0.9,2.4,.366,0.4,0.5,.733,0.4,4.4,4.8,1.2,0.7,0.4,0.8,4.0,11.0
24,23,0,23,13,52,13,857,3.4,9.1,.378,1.0,3.6,.267,2.5,5.5,.450,1.2,1.8,.651,0.5,3.6,4.1,4.5,1.4,0.3,2.4,3.1,9.0
25,24,4,20,7,33,1,405,3.2,10.2,.313,0.3,2.0,.136,2.9,8.3,.355,2.8,3.3,.838,1.0,3.1,4.1,5.4,1.6,0.6,3.5,3.6,9.4
26,25,0,34,17,67,0,963,6.4,14.7,.439,1.3,3.7,.357,5.1,11.0,.466,1.5,1.7,.889,0.6,3.3,3.9,3.0,1.2,0.3,1.8,3.1,15.7
27,26,4,32,18,35,6,771,6.6,16.0,.414,2.5,6.9,.358,4.2,9.1,.456,2.1,2.4,.863,0.4,3.5,3.9,9.0,0.7,0.0,2.9,1.4,17.8
28,27,1,24,18,79,79,2803,7.7,16.4,.468,1.0,2.9,.351,6.7,13.6,.492,3.1,3.6,.861,1.2,3.9,5.1,1.5,0.8,0.2,1.3,1.6,19.5
29,28,3,36,1,74,18,1777,3.7,9.6,.391,1.8,5.3,.331,2.0,4.3,.467,1.4,1.8,.787,1.4,6.4,7.8,4.0,1.0,0.5,2.2,3.7,10.7
30,29,0,26,14,60,19,1705,6.2,14.1,.443,1.8,5.0,.370,4.4,9.1,.483,3.0,4.0,.753,1.2,4.2,5.5,4.3,1.0,0.6,2.0,2.3,17.3
31,30,1,31,10,52,0,577,6.7,11.6,.575,0.1,0.2,.333,6.6,11.4,.579,4.8,5.5,.875,2.7,5.4,8.0,1.3,0.9,0.7,1.8,2.8,18.2
32,31,0,28,19,77,77,2617,5.4,13.4,.403,1.9,5.6,.333,3.5,7.8,.453,3.3,3.9,.856,0.6,6.0,6.6,6.3,1.2,0.4,2.7,1.5,16.0
33,32,4,28,20,3,1,71,5.6,16.2,.344,1.0,2.5,.400,4.6,13.7,.333,4.6,5.1,.900,1.5,4.6,6.1,6.6,0.0,0.0,4.6,2.0,16.7
35,34,3,27,22,73,64,1963,5.4,13.2,.409,1.7,4.9,.346,3.7,8.3,.446,2.2,3.1,.708,0.8,3.4,4.2,3.2,1.7,1.0,2.3,3.0,14.7
36,35,0,23,23,77,77,2684,8.5,17.7,.482,3.0,7.4,.404,5.6,10.3,.538,3.8,4.6,.825,0.7,2.5,3.2,3.6,1.1,0.3,2.1,2.3,23.9
37,36,0,20,14,22,1,165,7.2,15.9,.452,2.0,6.1,.321,5.2,9.8,.533,1.7,2.2,.800,1.1,2.6,3.7,2.4,1.5,0.0,1.7,2.2,18.1
38,37,1,28,12,56,6,935,8.3,15.6,.532,0.7,1.7,.419,7.6,14.0,.545,3.0,4.0,.743,1.5,5.9,7.4,2.0,1.0,1.0,2.5,3.5,20.3
39,38,0,30,19,74,0,1778,5.3,12.5,.429,2.1,5.7,.360,3.3,6.7,.488,3.0,3.4,.893,0.3,3.3,3.6,3.0,0.9,0.2,1.4,1.8,15.8
40,39,3,22,22,38,1,371,4.6,9.5,.480,0.1,1.7,.056,4.5,7.8,.575,0.6,1.6,.375,1.4,4.4,5.7,2.7,0.8,0.5,1.6,2.0,9.8
41,40,1,19,17,43,0,574,3.6,10.1,.354,1.8,6.3,.277,1.8,3.8,.483,0.3,0.7,.364,1.4,5.0,6.5,1.4,0.6,1.4,2.0,4.6,9.2
42,41,1,23,24,23,1,264,5.2,12.5,.413,1.8,6.5,.271,3.4,6.0,.568,3.5,4.9,.722,3.4,7.2,10.6,1.6,0.7,0.4,1.6,2.5,15.7
44,43,1,24,5,67,6,808,4.6,10.4,.440,3.1,7.7,.399,1.5,2.7,.557,1.2,1.5,.824,1.0,3.4,4.4,2.0,0.9,1.2,1.4,3.3,13.5
45,44,0,28,11,67,67,2058,4.0,9.5,.420,1.9,5.0,.382,2.1,4.5,.463,1.3,1.7,.768,1.7,5.2,6.9,4.9,1.7,0.4,1.7,3.9,11.2
47,46,1,28,4,65,1,1190,4.6,10.8,.424,1.7,5.4,.316,2.9,5.4,.531,1.4,1.8,.738,1.7,5.7,7.4,2.4,1.2,0.6,1.8,4.7,12.2
48,47,2,25,25,67,16,1091,4.9,9.7,.510,0.0,0.1,.500,4.9,9.6,.510,2.7,3.6,.752,4.8,6.6,11.3,1.3,1.0,1.5,1.9,5.7,12.6
49,48,4,27,17,66,66,2176,7.4,17.1,.434,1.7,5.1,.335,5.7,12.0,.477,6.4,7.6,.847,0.9,4.4,5.3,6.9,1.5,0.5,3.7,2.7,23.0
50,49,3,27,1,81,54,2083,6.5,14.6,.445,2.5,6.8,.367,4.0,7.8,.512,3.8,4.2,.893,0.6,4.1,4.8,1.9,0.6,0.1,2.3,2.5,19.2
51,50,2,32,1,27,21,583,2.3,5.0,.469,0.0,0.1,.000,2.3,4.9,.475,0.2,0.7,.273,3.5,10.0,13.5,3.0,0.8,1.5,2.7,5.3,4.9
52,51,1,23,26,12,0,53,6.1,10.9,.563,0.7,2.7,.250,5.4,8.2,.667,2.0,4.1,.500,2.7,8.8,11.5,1.4,0.7,1.4,1.4,0.7,14.9
53,52,0,20,17,78,78,2730,8.0,18.9,.423,1.9,5.3,.363,6.1,13.5,.447,4.8,5.8,.832,0.6,2.7,3.3,3.5,0.9,0.3,3.2,3.2,22.8
54,53,1,29,24,71,43,1754,6.3,12.1,.516,0.5,1.6,.321,5.7,10.5,.546,1.5,2.3,.673,2.9,8.8,11.7,2.8,1.5,0.6,2.6,3.1,14.6
55,54,0,26,27,55,55,1835,7.0,15.2,.463,2.1,5.4,.390,4.9,9.8,.504,1.3,1.8,.731,1.3,5.3,6.6,2.4,1.3,0.2,1.7,2.8,17.5
56,55,3,30,1,82,11,1281,4.1,9.8,.422,0.8,3.3,.229,3.4,6.5,.522,1.4,1.9,.735,0.9,3.8,4.7,2.7,1.7,0.6,1.5,3.7,10.4
57,56,0,24,12,75,28,1982,5.3,11.5,.457,1.4,3.5,.404,3.9,8.0,.480,2.0,2.3,.865,0.9,3.0,3.9,5.8,1.5,0.2,2.1,2.5,13.9
58,57,4,32,6,65,0,894,4.9,12.1,.403,1.9,5.2,.375,2.9,6.9,.424,1.3,1.6,.800,0.7,2.1,2.8,5.0,1.0,0.4,2.7,3.7,13.0
60,59,4,32,11,25,0,123,6.7,17.6,.383,4.1,10.2,.400,2.6,7.3,.360,0.6,0.6,1.000,0.0,1.8,1.8,4.1,0.3,0.0,1.5,1.5,18.1
61,60,3,20,27,78,20,1341,5.2,11.4,.454,1.2,3.6,.341,3.9,7.7,.507,2.3,3.3,.685,1.2,4.7,5.9,1.7,0.9,0.5,1.8,3.8,13.8
62,61,3,23,18,54,2,521,3.6,9.7,.369,2.0,6.6,.305,1.6,3.2,.500,1.2,1.5,.773,1.8,4.8,6.6,3.2,1.2,0.6,1.8,3.0,10.4
63,62,3,25,21,31,5,467,4.2,9.9,.422,2.2,5.6,.384,2.0,4.2,.473,0.4,0.5,.714,1.0,3.9,4.9,2.2,1.4,0.2,0.8,1.7,10.9
64,63,4,24,23,57,0,703,5.9,13.1,.455,1.6,3.6,.443,4.4,9.5,.459,1.1,1.5,.759,0.4,2.0,2.4,5.1,0.6,0.3,2.5,2.8,14.6
65,64,0,25,26,42,0,653,5.5,13.7,.399,1.4,4.2,.329,4.1,9.5,.430,3.3,4.3,.769,0.9,5.7,6.6,1.7,1.0,0.3,1.9,2.8,15.6
66,65,3,27,28,76,75,2809,7.3,16.0,.455,1.2,3.2,.367,6.1,12.9,.477,7.5,8.7,.865,1.7,4.4,6.0,5.3,1.8,0.4,2.0,1.4,23.3
68,67,4,35,1,41,13,539,3.7,8.9,.410,1.3,4.3,.313,2.3,4.7,.500,0.7,0.8,.917,1.0,3.9,4.9,5.9,0.7,0.1,2.7,2.4,9.4
69,68,0,23,21,76,75,2529,5.3,13.2,.399,2.2,6.2,.350,3.1,7.0,.442,2.2,2.6,.832,0.8,2.7,3.5,2.7,1.3,0.2,1.2,1.7,14.9
70,69,0,25,28,39,0,592,3.8,10.5,.364,1.5,5.7,.266,2.3,4.8,.481,1.8,2.0,.909,0.4,2.7,3.0,2.3,1.3,0.1,1.3,2.1,11.0
72,71,3,30,29,72,72,1882,4.2,10.5,.400,2.1,6.1,.341,2.1,4.4,.483,1.7,2.2,.761,1.2,4.1,5.3,1.4,1.5,0.5,1.0,2.7,12.2
73,72,3,40,7,73,15,1799,3.9,9.8,.394,2.2,5.9,.378,1.6,3.9,.418,1.8,2.3,.765,0.7,3.8,4.5,2.7,1.2,0.7,1.0,3.3,11.7
74,73,4,25,28,45,19,846,4.8,13.0,.366,0.6,2.7,.234,4.1,10.3,.401,2.5,3.3,.753,1.0,5.5,6.5,4.8,1.6,1.0,2.8,4.3,12.6
75,74,3,28,1,36,2,643,4.3,9.2,.470,0.8,2.4,.349,3.5,6.8,.512,1.0,1.6,.586,1.5,4.8,6.3,2.1,1.3,0.2,1.6,2.8,10.4
76,75,2,23,2,75,21,1421,6.5,12.2,.530,0.0,0.1,.000,6.5,12.1,.532,2.6,3.8,.669,2.2,6.4,8.6,2.0,1.3,1.1,1.7,3.7,15.5
78,77,3,29,14,71,33,2197,7.1,15.4,.461,1.8,5.3,.337,5.3,10.0,.527,2.3,3.2,.727,1.7,5.8,7.5,2.3,0.8,0.5,1.9,2.8,18.3
79,78,1,19,17,82,75,1743,5.9,13.1,.449,1.5,4.6,.321,4.4,8.4,.520,2.3,3.7,.624,2.0,5.2,7.2,1.2,1.4,1.4,2.2,5.4,15.6
81,80,4,24,0,64,1,973,2.8,8.3,.345,0.4,2.3,.190,2.4,5.9,.406,0.6,1.1,.548,0.7,2.5,3.2,4.8,1.0,0.3,1.6,2.9,6.8
82,81,0,25,30,77,0,1137,6.7,13.7,.487,1.9,5.2,.374,4.7,8.5,.556,1.4,1.8,.759,0.7,3.1,3.8,2.8,1.2,0.3,1.7,2.4,16.7
83,82,0,24,25,82,19,2397,7.2,16.1,.445,1.8,5.3,.329,5.4,10.7,.503,2.0,2.5,.798,0.7,3.0,3.7,3.2,1.3,0.1,2.5,2.3,18.1
84,83,4,28,0,13,0,125,4.6,15.0,.308,0.9,3.7,.231,3.7,11.2,.333,2.3,2.9,.800,0.0,3.2,3.2,4.0,2.3,0.0,2.0,5.2,12.4
85,84,4,29,2,68,64,2063,5.9,12.5,.476,1.3,3.1,.417,4.7,9.4,.495,2.6,3.0,.860,0.4,2.3,2.7,5.4,1.2,0.2,2.0,2.1,15.7
86,85,1,36,0,20,0,128,3.9,6.5,.609,0.0,0.3,.000,3.9,6.2,.636,1.4,2.3,.625,2.5,6.2,8.7,3.4,0.6,0.6,1.1,4.8,9.3
87,86,4,29,7,69,68,2292,7.3,15.8,.460,2.7,6.6,.408,4.6,9.3,.497,5.0,5.8,.859,0.5,3.3,3.8,6.8,1.4,0.3,2.5,2.0,22.2
88,87,0,24,8,39,1,316,4.2,8.2,.514,1.9,3.8,.515,2.3,4.4,.513,0.8,1.0,.778,1.1,4.8,5.9,3.2,0.7,0.2,1.9,2.6,11.2
89,88,4,23,1,14,0,188,6.3,12.6,.500,2.1,5.0,.423,4.2,7.7,.550,0.4,1.0,.400,0.2,1.1,1.3,5.0,0.8,0.0,2.5,2.5,15.1
90,89,2,26,1,72,72,2465,9.4,20.9,.452,1.9,5.3,.361,7.5,15.6,.483,7.6,9.8,.772,2.2,9.4,11.6,4.8,1.5,1.4,3.9,4.1,28.4
91,90,3,26,20,67,67,2119,5.0,12.4,.399,2.3,7.0,.333,2.6,5.4,.484,2.4,3.0,.822,1.6,5.8,7.4,1.7,2.2,1.2,2.2,3.4,14.7
92,91,0,24,8,79,7,2254,4.8,10.3,.468,2.1,4.8,.444,2.7,5.5,.490,1.7,2.0,.847,0.3,3.3,3.6,1.5,0.9,0.3,1.0,2.7,13.5
93,92,0,36,10,82,1,2157,6.0,14.5,.413,1.9,5.4,.360,4.1,9.1,.443,2.9,3.4,.857,0.3,1.9,2.2,3.6,1.0,0.2,2.2,1.9,16.8
94,93,0,28,3,19,0,442,8.6,17.8,.482,3.0,7.7,.389,5.5,10.0,.553,1.6,2.1,.769,0.3,2.4,2.8,4.6,0.9,0.2,2.0,2.4,21.7
95,94,3,26,27,72,72,2335,5.1,11.1,.463,2.4,6.1,.398,2.7,5.0,.540,2.7,3.3,.811,0.7,5.7,6.4,2.4,1.1,0.4,1.2,2.5,15.4
96,95,3,29,3,66,35,1649,3.8,7.8,.485,1.6,4.0,.392,2.2,3.9,.579,0.3,0.6,.593,1.2,4.8,6.0,0.8,0.9,0.6,0.6,2.2,9.5
97,96,4,26,18,70,42,2029,6.0,12.5,.481,2.4,5.7,.425,3.6,6.8,.528,1.5,1.8,.850,0.4,2.7,3.2,3.4,1.4,0.1,1.6,2.2,15.9
98,97,4,28,30,79,79,2638,9.2,19.7,.468,4.4,10.8,.411,4.8,8.9,.537,4.4,4.9,.898,0.8,4.0,4.8,7.2,1.9,0.2,3.3,2.5,27.3
99,98,0,25,7,67,3,1183,5.6,15.1,.374,4.2,10.8,.389,1.4,4.3,.336,1.3,1.6,.796,0.7,2.4,3.0,1.4,0.6,0.1,1.4,2.7,16.8
100,99,2,23,3,75,75,2708,10.2,20.3,.505,0.5,1.8,.299,9.7,18.5,.524,6.9,8.6,.802,2.3,9.5,11.8,2.1,1.2,2.2,2.4,2.2,27.9
104,103,3,22,11,77,2,1419,5.2,10.9,.473,1.5,4.7,.321,3.6,6.1,.591,1.0,1.7,.559,2.4,4.8,7.2,1.9,1.0,0.5,1.0,2.1,12.8
105,104,4,27,22,73,2,1248,4.2,11.2,.374,0.7,3.2,.236,3.4,8.0,.428,2.2,2.7,.806,0.3,3.3,3.5,5.6,1.1,0.0,2.7,3.2,11.3
106,105,4,26,12,76,54,1986,3.8,9.7,.390,1.4,3.9,.367,2.3,5.8,.404,1.5,1.7,.854,0.4,2.2,2.7,6.5,1.0,0.0,2.4,2.8,10.5
107,106,3,31,25,56,49,1486,4.0,10.3,.387,1.2,4.0,.309,2.7,6.3,.436,1.1,1.5,.730,1.5,5.6,7.1,1.8,1.2,0.5,1.0,1.5,10.3
108,107,0,27,29,74,74,2620,9.9,21.2,.467,0.5,1.7,.266,9.5,19.5,.484,7.5,8.9,.842,1.0,4.3,5.3,4.0,1.1,0.2,2.5,1.8,27.8
110,109,1,34,26,73,33,1283,4.1,9.2,.446,0.6,2.3,.247,3.5,6.9,.512,0.7,1.0,.743,1.3,3.1,4.4,4.8,0.5,0.3,2.4,2.3,9.5
111,110,1,27,4,82,82,2653,4.5,9.0,.502,0.2,0.6,.372,4.3,8.4,.511,1.8,2.3,.814,2.6,6.2,8.8,2.1,1.2,1.3,1.5,3.4,11.1
112,111,4,23,24,59,18,1334,3.6,8.1,.444,1.0,2.7,.376,2.6,5.4,.478,3.4,4.3,.792,0.7,3.7,4.4,5.0,1.2,0.6,1.8,3.2,11.7
113,112,4,30,7,24,0,394,3.9,10.7,.368,0.6,3.8,.167,3.3,6.9,.480,2.2,2.6,.828,1.2,4.4,5.6,5.1,1.6,0.5,1.9,4.6,10.7
114,113,4,30,16,73,73,2459,7.8,16.5,.475,1.7,4.2,.405,6.1,12.2,.499,4.4,5.5,.790,0.9,3.2,4.1,6.2,1.3,0.2,3.1,2.9,21.7
115,114,2,23,21,81,81,2409,7.2,13.6,.530,0.0,0.1,.286,7.2,13.5,.532,2.0,5.3,.386,5.2,11.5,16.7,1.3,1.9,1.3,2.3,3.5,16.5
116,115,1,31,17,64,7,1362,4.1,9.1,.454,2.0,5.4,.379,2.1,3.8,.559,1.1,1.7,.662,0.8,5.1,5.9,3.2,1.1,0.4,1.9,4.1,11.5
117,116,3,36,1,53,2,841,4.0,9.4,.423,2.3,5.7,.396,1.7,3.7,.465,1.5,1.9,.800,0.8,4.2,4.9,2.1,0.6,0.3,1.2,2.9,11.8
118,117,4,22,4,78,7,1333,3.2,8.5,.377,0.6,2.0,.288,2.6,6.5,.404,1.0,1.6,.610,0.6,3.8,4.5,5.1,2.1,1.0,2.4,4.8,7.9
119,118,3,28,30,62,62,2070,9.6,17.8,.537,2.0,5.4,.375,7.5,12.4,.608,5.8,6.7,.875,0.7,8.2,8.9,5.2,1.1,1.7,2.4,2.0,27.0
120,119,3,25,17,5,0,62,3.5,11.0,.316,2.3,9.3,.250,1.2,1.7,.667,4.6,5.2,.889,0.6,3.5,4.1,0.0,0.6,0.0,0.6,0.6,13.9
121,120,1,20,21,19,2,146,5.7,15.8,.359,2.5,8.6,.286,3.2,7.2,.448,1.0,2.0,.500,2.0,8.1,10.1,1.7,0.2,0.2,3.5,1.5,14.8
122,121,0,29,16,62,13,1500,5.5,13.3,.416,3.6,9.5,.378,2.0,3.9,.509,0.9,1.0,.860,0.4,2.7,3.2,1.7,0.8,0.1,0.7,1.7,15.6
123,122,0,31,6,74,33,1998,4.5,10.0,.443,0.8,2.4,.319,3.7,7.6,.483,1.7,2.3,.727,0.3,3.3,3.7,4.3,1.4,0.5,2.4,2.7,11.4
124,123,2,22,20,31,31,786,9.2,19.6,.466,1.6,4.5,.367,7.5,15.2,.495,8.7,11.2,.783,2.8,8.3,11.1,3.0,1.2,3.5,5.4,5.1,28.7
125,124,3,26,7,64,28,1501,3.5,7.7,.455,1.2,3.3,.372,2.3,4.4,.516,2.1,2.6,.782,1.7,4.6,6.2,1.5,1.1,0.5,1.4,4.0,10.3
126,125,4,22,1,53,2,588,5.5,12.7,.433,1.7,4.3,.386,3.9,8.4,.457,1.3,1.5,.840,0.6,2.2,2.8,5.3,1.5,0.1,2.8,3.6,14.0
127,126,3,27,1,40,6,788,6.9,16.9,.405,1.9,5.4,.356,4.9,11.5,.429,3.2,4.2,.750,0.6,5.7,6.3,5.7,1.6,0.4,2.8,2.7,18.8
128,127,4,21,26,66,26,1228,4.5,10.6,.427,1.3,4.4,.295,3.3,6.3,.519,1.7,2.1,.795,0.9,3.0,3.9,3.3,0.6,0.4,2.3,4.3,12.1
129,128,1,27,14,61,34,1296,6.3,11.6,.548,0.0,0.2,.000,6.3,11.4,.556,3.6,5.2,.693,5.1,7.7,12.8,1.5,1.2,1.1,1.6,3.4,16.3
131,130,1,25,26,50,39,1186,6.2,12.7,.487,0.1,0.3,.300,6.1,12.4,.491,2.0,3.3,.615,2.8,6.5,9.3,1.7,1.4,1.2,1.8,3.1,14.4
132,131,4,21,9,42,0,386,5.8,14.7,.392,0.7,2.1,.318,5.1,12.7,.404,3.3,4.6,.714,0.3,3.5,3.8,5.4,1.7,0.7,2.8,3.5,15.5
134,133,4,32,10,80,11,1700,4.7,10.9,.430,1.0,3.0,.319,3.7,7.8,.473,1.1,1.4,.781,0.7,3.9,4.6,4.0,1.4,0.5,1.8,2.6,11.4
135,134,4,23,1,46,29,1197,4.8,11.8,.406,2.0,5.3,.386,2.8,6.6,.422,2.2,2.7,.831,0.6,2.7,3.3,5.2,1.3,0.3,2.1,2.7,13.9
136,135,1,23,18,81,35,1642,2.7,7.3,.372,1.2,4.2,.293,1.5,3.1,.479,1.0,1.3,.754,1.2,3.7,4.9,1.5,1.1,0.5,1.0,2.7,7.7
137,136,0,23,5,36,0,285,4.5,12.5,.364,2.1,6.7,.321,2.4,5.8,.413,0.6,0.8,.833,0.3,2.7,2.9,2.9,0.1,0.0,1.4,2.5,11.9
138,137,0,24,15,68,66,2234,6.6,15.0,.439,2.1,5.8,.356,4.5,9.2,.491,3.6,4.5,.805,0.7,2.7,3.4,3.3,1.1,0.1,2.3,2.9,18.8
139,138,0,33,24,69,40,1284,3.3,9.1,.363,1.9,5.7,.330,1.4,3.4,.418,1.5,1.8,.857,0.3,4.1,4.3,3.8,1.0,0.3,2.2,2.8,10.0
140,139,4,26,3,65,35,1525,3.8,9.5,.403,0.9,3.0,.313,2.9,6.5,.446,2.3,3.0,.760,0.8,3.3,4.1,7.9,1.3,0.1,2.4,3.1,11.0
141,140,2,33,9,74,15,1398,6.1,13.4,.458,3.5,8.6,.409,2.6,4.8,.546,1.6,1.9,.851,1.0,6.5,7.5,1.2,0.8,1.0,1.4,3.6,17.4
142,141,3,28,14,63,63,2134,5.7,12.7,.447,2.1,5.5,.389,3.5,7.2,.491,5.9,6.5,.902,0.7,4.8,5.5,2.3,0.7,0.3,1.4,1.6,19.3
143,142,4,25,1,74,2,1495,5.0,13.1,.380,2.9,7.4,.390,2.1,5.7,.367,1.2,1.5,.797,0.7,3.1,3.8,2.2,1.1,0.1,1.1,2.3,14.1
145,144,2,32,7,74,74,2531,7.6,16.5,.459,1.5,3.8,.388,6.1,12.7,.480,4.0,4.7,.837,0.9,5.7,6.6,4.8,1.0,1.4,2.4,2.4,20.6
146,145,2,36,5,64,39,1627,6.7,13.4,.502,1.2,2.3,.538,5.5,11.1,.494,2.9,4.1,.707,2.4,8.7,11.1,3.3,0.5,1.5,1.8,2.4,17.5
147,146,3,30,2,30,30,1013,7.1,15.7,.455,1.5,4.0,.372,5.7,11.7,.483,4.2,4.9,.855,1.2,5.5,6.8,2.9,1.6,0.9,2.6,2.8,20.0
148,147,0,24,21,9,0,32,1.1,11.3,.100,0.0,4.5,.000,1.1,6.8,.167,2.3,2.3,1.000,2.3,1.1,3.4,2.3,0.0,0.0,0.0,2.3,4.5
149,148,3,29,14,13,0,89,1.2,5.7,.214,0.0,1.2,.000,1.2,4.4,.273,2.0,3.6,.556,1.6,4.4,6.1,2.4,2.0,0.4,1.6,5.7,4.4
150,149,3,26,6,75,75,2689,8.3,18.0,.461,2.6,6.6,.393,5.7,11.4,.501,4.5,5.0,.898,0.8,5.8,6.6,3.4,1.6,0.4,2.9,2.8,23.8
151,150,0,22,15,5,0,48,1.5,5.2,.286,0.7,1.5,.500,0.7,3.7,.200,6.8,7.5,.900,0.7,6.0,6.8,2.3,0.7,0.0,1.5,3.7,10.5
152,151,4,29,18,17,0,231,5.5,14.8,.368,2.3,7.0,.333,3.1,7.8,.400,3.3,4.5,.724,0.2,3.3,3.4,4.1,1.2,0.0,3.3,3.3,16.5
153,152,1,31,1,78,71,1989,6.6,12.8,.515,0.1,0.2,.231,6.6,12.6,.520,2.0,2.9,.715,2.9,5.9,8.8,1.3,0.7,1.2,1.9,3.0,15.3
154,153,0,39,5,69,0,1291,4.8,12.2,.390,2.5,6.3,.392,2.3,5.9,.387,2.4,3.0,.804,0.8,3.6,4.4,5.1,2.3,0.4,2.7,3.3,14.4
155,154,2,24,26,81,81,2744,5.4,8.2,.661,0.0,0.0,.000,5.4,8.2,.662,4.1,6.2,.653,4.1,9.5,13.6,1.3,0.6,2.8,1.9,3.2,14.9
156,155,0,22,1,15,0,214,6.1,11.1,.545,0.8,2.5,.333,5.2,8.6,.608,5.6,7.1,.786,1.2,3.5,4.7,4.0,0.7,0.8,2.4,1.3,18.5
157,156,3,21,15,80,72,2298,6.2,13.6,.454,1.2,4.2,.288,5.0,9.4,.528,2.4,3.4,.719,1.8,4.5,6.3,2.3,1.0,0.6,1.4,2.7,16.0
158,157,0,28,11,75,15,2323,6.4,15.7,.406,3.8,10.2,.372,2.6,5.5,.468,2.3,2.7,.840,0.4,2.7,3.1,2.9,0.7,0.6,1.9,2.3,18.9
159,158,2,32,23,82,82,2556,5.5,9.5,.579,0.0,0.0,.000,5.5,9.5,.580,1.5,2.2,.648,3.4,8.6,12.0,1.7,0.6,0.9,1.7,3.0,12.4
160,159,0,23,19,27,1,189,3.6,7.6,.475,1.7,2.9,.600,1.9,4.8,.400,1.9,2.9,.667,1.0,3.2,4.2,1.1,1.1,0.2,0.6,3.4,10.9
161,160,1,22,1,80,4,1531,3.6,7.7,.463,1.0,2.7,.371,2.6,5.0,.514,2.1,3.5,.612,0.9,3.9,4.8,1.1,0.8,1.9,1.0,3.5,10.3
162,161,4,24,28,63,28,1028,4.5,10.5,.425,1.7,4.7,.366,2.8,5.8,.473,2.3,2.6,.890,0.6,3.3,3.9,4.2,1.6,0.3,1.5,3.3,13.0
163,162,0,29,5,68,68,1807,3.5,8.9,.392,2.4,6.2,.379,1.2,2.7,.420,0.5,0.6,.844,0.6,3.8,4.5,2.5,1.4,1.1,1.5,2.4,9.9
164,163,1,26,30,76,76,2471,4.0,9.5,.418,1.2,3.8,.308,2.8,5.6,.494,2.2,3.1,.709,1.4,7.3,8.7,7.8,2.2,1.5,2.7,3.2,11.3
165,164,3,31,27,47,0,538,6.4,15.5,.409,2.6,7.4,.351,3.7,8.1,.463,2.2,2.7,.805,1.1,4.6,5.6,2.2,0.6,0.5,1.7,3.2,17.5
166,165,1,26,7,77,75,2101,4.3,8.6,.500,0.9,2.5,.379,3.3,6.1,.549,2.3,2.9,.802,2.9,6.5,9.3,1.4,0.8,0.6,1.6,4.2,11.8
167,166,1,30,15,69,11,1534,5.2,13.1,.394,1.2,4.5,.275,3.9,8.6,.458,3.4,3.9,.863,0.9,4.1,5.0,1.9,0.9,0.3,1.8,2.4,15.0
168,167,1,27,10,61,61,2076,8.3,16.8,.493,0.7,2.0,.336,7.6,14.9,.514,5.5,7.3,.760,1.9,6.7,8.6,5.2,1.0,0.4,2.5,2.7,22.8
169,168,2,26,24,64,7,1177,5.3,11.6,.459,1.7,5.5,.306,3.6,6.1,.598,1.2,1.6,.750,2.2,5.8,8.0,1.7,0.9,1.3,1.3,2.8,13.5
170,169,2,24,18,22,0,163,3.8,9.3,.405,1.1,2.2,.500,2.7,7.1,.375,2.0,4.4,.450,1.8,6.2,8.0,0.9,0.2,2.9,2.2,4.6,10.6
171,170,0,24,22,79,30,2154,6.9,15.2,.455,2.5,7.0,.357,4.4,8.3,.537,2.7,3.6,.766,0.6,3.2,3.7,3.0,0.9,0.3,1.8,1.7,19.1
172,171,4,27,11,81,81,2947,8.2,18.7,.440,3.2,9.2,.347,5.0,9.5,.530,9.1,10.8,.847,1.2,6.9,8.1,11.1,1.5,0.5,5.7,2.6,28.8
173,172,3,23,8,77,69,2223,5.1,10.1,.503,1.1,3.1,.351,4.0,7.0,.572,1.2,2.0,.621,2.0,3.5,5.5,1.4,1.4,1.1,1.4,3.5,12.5
175,174,2,23,11,58,14,1064,7.6,11.7,.652,0.0,0.2,.143,7.6,11.4,.663,2.6,4.1,.628,2.7,4.7,7.4,2.2,0.7,1.4,1.5,4.3,17.8
176,175,4,33,18,65,0,1087,4.5,11.3,.399,1.9,5.9,.328,2.6,5.4,.476,3.5,4.3,.829,0.4,3.8,4.2,4.5,1.4,0.2,1.9,3.3,14.5
177,176,0,22,14,57,56,1782,6.5,12.9,.502,2.2,5.2,.420,4.3,7.7,.558,2.1,2.7,.776,1.0,2.6,3.6,3.3,1.4,0.2,1.5,1.9,17.2
178,177,0,25,24,52,11,1138,4.9,11.5,.425,2.7,7.0,.385,2.2,4.5,.489,1.1,1.6,.714,0.5,4.1,4.7,1.7,0.9,0.3,1.7,3.8,13.5
179,178,0,27,18,4,0,25,4.3,21.6,.200,0.0,2.9,.000,4.3,18.7,.231,2.9,5.8,.500,4.3,8.6,13.0,2.9,0.0,0.0,2.9,1.4,11.5
180,179,1,24,21,82,48,2567,7.2,14.9,.481,1.5,4.4,.347,5.6,10.5,.537,2.7,3.2,.841,0.9,5.0,5.8,2.0,0.8,0.5,1.3,1.9,18.5
181,180,0,22,19,5,0,17,0.0,8.5,.000,0.0,4.2,.000,0.0,4.2,.000,2.1,4.2,.500,0.0,6.4,6.4,6.4,0.0,0.0,0.0,4.2,2.1
182,181,4,22,7,72,18,1474,2.9,8.8,.325,1.1,3.8,.276,1.8,5.0,.363,3.6,4.7,.763,0.6,2.8,3.3,4.8,1.3,0.5,2.1,4.7,10.4
183,182,2,36,16,16,0,130,3.0,6.4,.478,0.0,0.8,.000,3.0,5.5,.550,2.5,4.2,.600,2.2,7.8,10.0,1.7,1.7,0.3,2.2,6.1,8.6
184,183,1,28,1,54,1,797,6.1,12.5,.484,1.1,3.7,.309,4.9,8.9,.556,2.0,2.3,.846,1.7,6.9,8.6,3.7,0.7,1.4,2.2,3.5,15.2
185,184,3,26,26,73,73,2516,7.8,16.5,.471,2.1,5.4,.398,5.7,11.2,.506,5.2,6.1,.844,0.7,4.9,5.6,3.6,1.0,0.3,2.0,1.7,22.9
186,185,0,29,20,72,41,1667,5.1,11.9,.423,1.3,3.7,.353,3.7,8.2,.455,2.9,3.6,.806,0.7,3.3,4.0,2.4,0.9,0.3,1.3,2.8,14.3
187,186,2,26,12,58,39,1123,5.1,9.9,.515,0.0,0.0,.000,5.1,9.9,.516,2.4,3.4,.692,2.9,6.5,9.5,1.8,0.9,2.5,1.7,4.8,12.6
188,187,1,21,14,62,9,842,4.3,9.6,.451,2.0,4.8,.407,2.4,4.7,.495,2.4,3.2,.750,1.8,6.2,8.0,1.2,1.3,0.5,1.3,2.7,13.0
189,188,2,22,13,72,22,1324,6.7,12.6,.529,0.1,0.4,.267,6.6,12.2,.538,2.5,3.4,.728,4.6,9.0,13.6,2.6,1.1,1.0,2.7,4.1,16.0
190,189,3,21,15,65,2,960,4.4,12.4,.355,1.6,5.4,.299,2.8,7.0,.398,1.5,1.9,.800,0.7,4.7,5.5,2.3,1.1,0.6,2.2,2.8,11.9
192,191,0,23,1,82,55,1888,6.2,14.6,.426,2.8,7.2,.391,3.4,7.4,.461,1.2,1.4,.842,0.7,4.5,5.1,2.3,0.7,0.2,1.9,2.2,16.5
193,192,2,34,11,67,8,1198,7.4,11.9,.617,0.1,0.3,.333,7.3,11.7,.624,3.5,5.9,.589,2.9,5.6,8.5,2.0,1.7,1.2,2.2,4.9,18.3
194,193,4,30,26,49,49,1544,6.7,14.1,.477,2.2,5.4,.403,4.5,8.7,.523,3.7,4.6,.801,0.5,3.4,3.9,4.8,1.2,0.3,2.0,2.7,19.3
196,195,3,25,3,80,71,2374,2.8,7.2,.383,1.4,4.1,.348,1.3,3.2,.428,1.6,1.9,.805,0.8,3.9,4.7,2.1,1.1,0.5,1.2,2.8,8.5
197,196,0,23,21,39,1,381,4.4,11.9,.373,1.1,4.3,.261,3.3,7.6,.438,2.0,2.6,.750,0.2,2.9,3.1,3.1,1.0,0.2,2.6,3.7,12.0
198,197,4,26,3,67,61,2190,6.7,14.7,.454,1.6,4.6,.356,5.0,10.1,.498,2.0,2.8,.708,0.8,3.6,4.3,8.0,1.6,0.7,3.2,2.2,16.9
199,198,0,27,13,82,4,1639,5.1,11.8,.433,2.1,6.0,.355,3.0,5.8,.513,1.4,1.8,.825,0.6,4.3,4.9,2.2,1.4,0.7,1.4,2.4,13.8
200,199,3,22,24,78,50,1761,4.8,11.1,.434,0.3,1.4,.224,4.5,9.7,.463,3.9,5.2,.751,2.0,7.3,9.2,3.1,1.7,0.9,2.4,3.6,13.8
201,200,2,23,20,57,17,1193,6.9,12.4,.558,0.8,2.3,.351,6.1,10.1,.606,2.2,3.1,.699,2.8,6.5,9.4,1.8,1.3,1.7,1.7,4.1,16.9
202,201,0,24,26,59,55,1593,6.1,15.1,.408,2.6,6.9,.371,3.6,8.1,.440,2.0,2.6,.783,0.4,4.2,4.6,2.2,0.9,0.2,1.5,3.0,16.9
203,202,2,30,27,68,68,2193,6.2,13.1,.473,1.4,4.0,.355,4.8,9.2,.524,1.8,2.2,.800,1.6,6.1,7.6,5.5,0.9,1.4,1.9,2.3,15.6
205,204,2,31,22,74,74,2199,6.4,10.0,.633,0.0,0.0,.000,6.4,10.0,.635,3.7,6.9,.533,4.8,10.5,15.4,1.7,1.0,1.5,2.8,3.3,16.4
206,205,4,33,25,23,1,237,3.8,10.3,.368,0.6,2.9,.211,3.2,7.4,.429,1.4,2.6,.529,0.3,3.3,3.6,7.9,1.5,0.3,2.9,2.4,9.6
207,206,1,25,0,2,0,31,7.0,12.8,.545,2.3,4.6,.500,4.6,8.1,.571,0.0,1.2,.000,4.6,5.8,10.5,3.5,0.0,3.5,0.0,0.0,16.3
208,207,1,31,22,56,4,689,4.5,11.2,.407,1.0,2.8,.352,3.6,8.4,.425,3.3,4.3,.780,3.1,7.6,10.8,1.5,0.8,1.1,1.5,3.6,13.4
210,209,1,27,1,79,79,2422,7.0,14.6,.480,1.8,4.7,.391,5.2,9.9,.522,1.6,1.9,.856,1.9,6.1,8.0,1.1,0.6,1.8,1.6,3.2,17.4
211,210,3,33,30,76,0,1998,3.9,7.5,.528,1.2,3.2,.362,2.8,4.3,.651,1.3,1.8,.706,0.9,4.6,5.5,4.7,1.4,0.7,1.0,1.7,10.3
212,211,1,29,1,82,52,2142,6.5,15.0,.431,2.4,6.8,.353,4.1,8.2,.496,2.7,3.5,.778,1.9,6.2,8.1,2.4,1.0,0.4,1.9,3.5,18.0
213,212,3,29,26,82,26,1972,3.7,8.2,.452,2.2,5.1,.441,1.5,3.1,.471,0.9,1.2,.735,0.4,4.3,4.8,4.1,1.8,0.1,2.0,3.0,10.6
214,213,3,19,25,79,40,2279,4.4,10.8,.402,0.9,3.0,.294,3.5,7.9,.443,2.1,3.4,.621,0.9,4.0,5.0,2.6,0.8,0.6,1.8,2.5,11.7
215,214,4,24,9,72,72,2525,9.6,20.2,.473,2.5,6.3,.401,7.0,14.0,.505,4.2,4.7,.905,0.7,2.5,3.3,6.0,1.2,0.3,2.6,2.2,25.9
216,215,4,33,3,2,0,33,2.2,3.3,.667,0.0,1.1,.000,2.2,2.2,1.000,2.2,2.2,1.000,0.0,0.0,0.0,5.5,2.2,0.0,3.3,4.4,6.5
217,216,4,22,27,5,0,17,6.4,8.5,.750,2.1,2.1,1.000,4.2,6.4,.667,6.4,12.7,.500,4.2,4.2,8.5,6.4,0.0,0.0,0.0,0.0,21.2
218,217,4,25,18,8,1,84,5.6,16.7,.333,1.3,4.7,.273,4.3,12.0,.357,2.6,3.0,.857,0.4,3.4,3.9,8.1,0.9,0.0,1.3,2.1,15.0
219,218,4,26,21,52,50,1424,7.2,17.1,.419,1.7,4.7,.359,5.5,12.5,.442,3.0,3.4,.868,0.5,2.4,2.9,6.8,0.9,0.1,2.9,3.3,19.0
220,219,3,32,9,74,74,2794,9.5,17.3,.548,1.6,4.4,.363,7.9,12.9,.611,4.6,6.8,.674,1.2,7.0,8.2,8.3,1.2,0.6,3.9,1.7,25.2
221,220,2,32,6,66,1,931,9.1,18.2,.499,0.0,0.0,.000,9.1,18.2,.500,2.5,3.3,.765,2.9,7.8,10.7,2.2,0.7,0.6,1.3,4.8,20.7
222,221,3,36,9,79,13,1614,3.4,7.7,.446,1.4,4.1,.333,2.0,3.5,.580,1.8,2.4,.741,0.6,3.9,4.5,1.7,0.6,0.2,1.2,3.4,10.0
223,222,0,25,17,4,0,13,5.5,13.8,.400,2.8,5.5,.500,2.8,8.3,.333,5.5,5.5,1.000,0.0,2.8,2.8,2.8,0.0,0.0,0.0,0.0,19.4
224,223,4,27,1,81,13,1802,3.8,10.7,.359,1.6,5.0,.313,2.3,5.7,.399,2.3,3.0,.750,0.6,3.3,3.9,7.9,1.4,0.1,2.6,2.3,11.5
225,224,1,29,27,78,6,1232,3.3,7.7,.435,1.3,3.8,.346,2.0,3.9,.523,0.8,1.1,.703,1.7,6.2,7.9,2.1,0.7,0.5,1.1,3.6,8.7
226,225,1,29,27,80,77,1608,4.8,8.3,.576,0.6,1.5,.409,4.2,6.8,.612,1.5,2.2,.670,2.6,5.6,8.2,3.1,1.1,1.4,1.7,4.7,11.6
228,227,1,29,16,76,5,2085,6.4,13.3,.479,1.5,4.4,.340,4.9,8.9,.548,2.6,3.7,.707,1.1,5.4,6.5,4.8,1.3,1.5,3.0,3.4,16.8
229,228,3,35,26,78,14,1843,5.3,12.2,.436,2.1,5.0,.411,3.3,7.2,.454,1.2,1.5,.818,0.6,4.1,4.7,2.8,0.7,0.4,1.3,1.8,14.0
230,229,3,20,21,77,1,1371,3.4,9.6,.353,1.2,4.0,.292,2.2,5.5,.398,0.9,1.4,.679,0.9,4.0,5.0,2.8,1.5,0.6,1.9,3.2,8.9
231,230,4,24,16,73,0,2178,5.9,13.6,.433,1.5,4.1,.372,4.4,9.5,.460,3.2,4.2,.768,0.8,4.0,4.8,3.9,1.4,0.7,1.5,2.9,16.6
232,231,3,29,10,68,3,810,3.2,8.9,.365,1.3,5.2,.246,2.0,3.6,.537,0.5,0.8,.647,1.2,6.9,8.0,1.0,1.3,1.3,0.8,3.7,8.3
233,232,2,21,14,73,59,2038,8.7,15.1,.578,0.8,2.5,.324,7.9,12.6,.628,3.3,4.0,.825,3.7,8.9,12.7,6.3,1.1,1.0,3.0,3.8,21.6
234,233,3,36,9,1,0,12,9.0,24.0,.375,0.0,6.0,.000,9.0,18.0,.500,9.0,12.0,.750,3.0,3.0,6.0,3.0,0.0,0.0,3.0,3.0,27.0
236,235,3,19,17,32,8,545,4.5,8.0,.562,0.2,0.7,.273,4.3,7.3,.591,1.9,2.7,.707,2.6,2.6,5.2,0.8,0.9,0.9,0.9,4.2,11.1
237,236,3,36,9,48,2,381,4.2,8.7,.478,2.9,6.2,.470,1.2,2.5,.500,1.2,1.9,.650,0.3,3.2,3.5,1.3,0.6,0.9,0.9,3.5,12.5
238,237,1,25,1,54,12,1270,6.5,13.9,.470,0.5,2.1,.253,6.0,11.8,.508,2.9,4.8,.606,1.8,6.8,8.7,1.7,1.1,1.5,1.4,1.9,16.6
239,238,4,20,4,60,0,774,3.5,8.4,.414,1.2,3.4,.356,2.3,5.0,.454,1.5,2.0,.767,0.5,2.7,3.1,7.3,2.2,0.2,1.8,2.3,9.7
240,239,2,28,10,81,81,2570,5.8,8.1,.714,0.0,0.0,.000,5.8,8.1,.717,2.9,6.0,.482,4.2,11.4,15.6,1.3,0.7,1.9,1.6,3.0,14.4
241,240,4,25,29,80,22,2003,5.4,11.9,.452,0.9,2.4,.356,4.5,9.5,.477,1.7,2.2,.770,0.9,3.3,4.2,4.8,1.2,0.2,1.9,2.5,13.3
242,241,2,23,19,75,16,1954,5.9,14.8,.399,2.1,6.5,.328,3.8,8.3,.455,2.2,2.9,.756,1.1,5.1,6.2,3.0,0.8,0.6,1.4,2.6,16.1
243,242,2,24,0,72,0,1533,9.4,17.3,.545,0.1,0.9,.132,9.3,16.4,.568,5.3,6.7,.786,4.6,6.7,11.3,1.6,0.8,0.9,2.9,3.6,24.3
244,243,1,25,22,16,0,110,2.6,9.2,.286,1.3,3.3,.400,1.3,5.9,.222,1.6,2.0,.833,0.3,5.6,5.9,2.6,1.3,1.6,1.3,1.6,8.2
245,244,3,23,19,81,81,2349,4.5,9.5,.477,0.0,0.1,.111,4.5,9.3,.483,2.3,3.0,.784,2.4,6.3,8.7,1.7,1.2,1.2,0.9,2.9,11.4
246,245,0,27,24,70,24,1754,6.3,15.1,.415,2.2,6.3,.341,4.1,8.8,.468,4.2,5.0,.843,0.5,5.3,5.7,3.2,0.9,0.1,2.8,2.4,18.9
247,246,0,25,17,54,5,1140,6.6,16.6,.398,1.4,4.4,.324,5.2,12.2,.425,4.2,4.9,.857,0.8,2.9,3.7,4.1,0.9,0.2,2.8,2.7,18.8
248,247,0,35,1,67,22,1753,4.9,10.6,.464,3.3,7.4,.451,1.6,3.2,.494,0.8,0.9,.905,0.1,3.7,3.8,2.3,0.7,0.4,1.4,2.2,13.9
249,248,2,27,2,71,62,1419,5.5,9.9,.551,0.0,0.0,.000,5.5,9.9,.552,1.0,1.6,.613,3.0,7.2,10.2,1.2,0.9,1.2,1.5,4.4,11.9
250,249,3,27,13,68,5,1016,5.6,13.1,.428,1.9,6.0,.321,3.7,7.1,.517,1.9,2.4,.809,1.7,2.8,4.5,2.4,1.0,0.4,1.8,2.8,15.1
251,250,1,20,2,33,12,612,6.9,12.8,.537,0.2,0.5,.375,6.7,12.4,.543,3.1,4.4,.703,3.0,6.5,9.5,1.6,0.9,0.8,2.2,3.8,17.0
252,251,0,24,19,62,5,1143,7.1,15.5,.460,1.3,4.6,.281,5.8,10.9,.536,3.5,4.1,.853,0.9,7.4,8.3,2.4,0.9,0.7,1.3,3.1,19.0
253,252,4,27,5,18,3,174,4.1,9.7,.426,2.1,5.6,.370,2.1,4.1,.500,1.9,1.9,1.000,0.2,1.9,2.1,5.8,0.8,0.2,3.9,3.9,12.2
254,253,5,25,1,70,1,980,5.4,12.3,.440,1.2,3.6,.337,4.2,8.7,.483,1.7,2.7,.630,2.6,6.6,9.2,2.6,0.9,0.2,2.1,3.0,13.8
255,254,0,21,4,47,47,1749,6.7,14.6,.459,2.5,6.4,.387,4.2,8.2,.515,2.4,2.9,.836,0.4,2.9,3.3,2.9,0.8,0.2,1.7,2.1,18.3
256,255,4,29,2,69,24,1732,4.9,10.8,.454,0.7,2.5,.288,4.2,8.4,.502,3.6,4.5,.797,0.9,2.8,3.7,6.9,1.5,0.1,2.7,2.5,14.2
257,256,3,22,8,35,1,249,3.8,12.9,.292,1.9,7.4,.255,1.9,5.5,.342,1.9,2.5,.765,0.9,2.6,3.5,1.6,1.3,0.4,1.6,3.2,11.3
258,257,0,31,13,77,74,2459,4.7,10.3,.456,1.6,3.9,.401,3.1,6.4,.490,1.2,1.4,.867,0.8,3.0,3.8,2.6,1.2,0.4,1.0,2.1,12.2
260,259,2,23,17,77,34,1560,5.3,10.7,.497,0.1,0.3,.250,5.2,10.4,.503,3.5,4.8,.721,3.6,8.2,11.8,1.0,0.9,2.3,2.4,5.6,14.1
261,260,3,25,5,74,74,2474,9.3,19.1,.485,2.1,5.6,.380,7.1,13.5,.529,6.8,7.8,.880,1.2,5.1,6.3,3.8,1.9,0.8,2.2,1.8,27.5
262,261,1,24,8,74,12,1222,4.3,11.1,.386,2.2,6.3,.347,2.1,4.9,.436,1.0,1.2,.875,0.8,6.2,7.0,2.1,0.4,0.8,1.0,5.1,11.8
263,262,1,27,21,75,34,1944,5.7,12.0,.480,0.9,3.1,.293,4.8,8.9,.545,1.8,2.1,.867,1.9,5.6,7.4,2.1,0.6,0.5,1.2,2.7,14.2
264,263,3,22,24,57,26,1237,5.0,11.1,.450,1.7,5.4,.321,3.3,5.7,.571,1.9,2.7,.720,0.7,4.8,5.5,3.2,1.4,0.2,1.7,2.6,13.6
265,264,0,28,1,62,19,777,2.5,6.6,.387,0.8,2.1,.370,1.8,4.4,.396,1.2,1.9,.625,0.9,4.1,5.0,2.5,2.2,0.6,1.9,3.8,7.0
266,265,4,26,8,75,75,2694,8.8,19.9,.444,2.9,7.7,.370,6.0,12.1,.492,6.5,7.3,.895,0.6,4.3,4.9,5.9,0.9,0.3,2.6,2.0,27.0
267,266,4,28,24,36,33,883,7.1,16.3,.438,2.4,6.4,.372,4.8,9.9,.480,4.7,5.7,.816,0.4,5.1,5.5,7.5,1.7,0.6,3.5,3.2,21.3
268,267,4,31,30,76,3,1345,4.6,8.5,.547,0.0,0.1,.333,4.6,8.4,.550,1.1,1.6,.700,0.7,3.3,4.0,3.7,1.0,0.5,1.7,3.2,10.4
269,268,2,24,20,18,0,234,9.4,16.8,.560,1.1,2.9,.368,8.3,13.8,.600,2.9,5.4,.543,6.3,6.8,13.1,2.0,1.4,1.4,2.0,7.5,22.8
270,269,2,20,30,53,4,447,4.5,8.6,.523,0.2,0.7,.222,4.3,7.9,.551,1.7,2.7,.618,3.5,6.4,10.0,2.3,1.2,1.4,1.4,5.2,10.9
271,270,2,28,24,75,75,2222,9.0,19.0,.474,2.2,6.3,.346,6.8,12.7,.536,4.8,5.9,.810,2.0,4.6,6.5,2.9,0.6,2.0,3.0,3.1,24.9
272,271,2,28,28,81,81,2271,6.1,12.3,.493,0.0,0.0,.000,6.1,12.3,.494,1.2,1.6,.721,3.9,4.4,8.2,1.3,0.3,1.9,1.4,2.4,13.3
273,272,1,28,9,60,60,1885,7.1,16.6,.427,2.8,7.4,.373,4.3,9.1,.471,4.9,5.6,.871,2.8,9.9,12.7,2.2,1.0,0.4,2.3,2.4,21.8
274,273,4,30,29,60,60,2244,6.8,14.7,.464,3.1,7.5,.412,3.7,7.2,.518,4.8,5.9,.819,0.8,3.8,4.6,6.7,1.4,0.3,2.8,2.7,21.6
276,275,3,21,20,69,19,1190,4.4,10.9,.402,1.5,4.9,.311,2.9,6.1,.475,3.2,3.7,.854,0.8,3.8,4.5,2.3,1.0,0.3,2.2,4.7,13.5
277,276,1,21,26,71,4,1158,4.9,13.6,.362,2.0,6.3,.319,2.9,7.3,.400,1.8,2.5,.722,1.5,5.8,7.3,2.1,0.8,0.6,2.0,3.0,13.7
278,277,0,24,23,30,3,287,3.8,9.4,.400,0.9,3.8,.233,2.9,5.6,.511,2.9,3.4,.852,0.5,3.8,4.3,1.9,1.0,0.3,0.6,2.1,11.3
279,278,4,26,26,55,9,1205,5.1,11.4,.446,1.1,3.6,.308,4.0,7.8,.510,1.6,2.3,.688,0.6,3.1,3.7,4.6,1.3,0.1,2.7,3.0,12.8
281,280,2,19,12,57,34,562,5.3,11.6,.459,1.8,4.7,.378,3.5,6.9,.514,2.0,3.1,.653,2.6,4.7,7.3,1.5,0.6,1.7,1.1,5.4,14.5
283,282,1,22,7,42,3,558,3.7,9.7,.384,0.6,1.6,.360,3.2,8.1,.389,2.6,3.2,.800,2.7,7.7,10.5,0.5,1.1,0.6,1.8,5.9,10.6
284,283,0,30,18,73,73,2495,4.8,12.2,.393,2.5,6.9,.363,2.3,5.3,.432,2.1,2.6,.816,0.3,3.5,3.7,3.0,1.1,0.2,1.5,2.3,14.2
285,284,3,30,10,80,76,1787,3.8,7.6,.505,0.9,2.2,.391,3.0,5.4,.552,1.2,1.8,.678,0.9,2.5,3.4,0.8,1.6,0.7,0.9,2.5,9.8
286,285,1,24,30,52,2,457,4.9,9.2,.530,0.2,0.6,.250,4.7,8.6,.550,1.7,3.3,.500,2.7,4.5,7.2,1.4,1.4,2.3,1.5,3.7,11.6
287,286,0,21,30,71,20,1074,3.6,8.2,.433,1.4,4.1,.333,2.2,4.1,.533,1.0,1.2,.784,0.7,2.6,3.4,2.6,1.1,0.5,1.2,2.1,9.5
288,287,0,25,8,80,80,2796,8.9,18.6,.480,2.4,5.7,.421,6.5,12.9,.506,3.5,3.8,.912,0.8,2.9,3.7,3.7,0.9,0.5,2.2,2.6,23.7
289,288,4,24,20,81,51,2133,4.0,8.6,.461,0.2,0.9,.200,3.8,7.7,.492,1.2,1.5,.811,0.7,3.6,4.2,9.0,2.3,0.2,2.7,2.3,9.4
290,289,1,21,1,16,0,80,7.2,14.4,.500,0.5,3.2,.143,6.8,11.3,.600,1.4,2.3,.600,4.1,4.5,8.6,0.9,0.9,0.9,1.4,3.2,16.2
291,290,3,23,1,49,0,505,5.5,12.0,.456,1.4,4.7,.303,4.1,7.3,.553,2.3,2.7,.842,1.1,4.8,5.8,0.9,1.4,1.3,2.1,3.5,14.7
292,291,3,25,1,66,5,1508,5.3,11.9,.447,1.8,5.0,.370,3.5,6.9,.502,1.7,2.0,.845,0.5,3.8,4.3,1.4,0.3,0.1,0.9,1.9,14.1
293,292,2,29,30,77,10,739,10.1,15.5,.652,0.0,0.1,.000,10.1,15.4,.658,2.7,5.4,.505,4.9,7.0,11.9,0.8,0.9,3.3,1.9,5.3,23.0
294,293,0,25,16,78,65,1966,3.5,8.4,.413,1.3,4.0,.332,2.1,4.4,.488,0.8,1.3,.620,1.7,3.0,4.7,2.3,0.8,0.3,1.0,2.6,9.1
295,294,0,23,2,61,26,1176,5.5,12.8,.430,2.0,5.2,.382,3.5,7.6,.462,2.1,2.8,.753,0.6,3.4,3.9,1.6,0.9,0.2,1.9,3.3,15.2
296,295,0,25,9,37,4,384,5.4,14.1,.387,1.7,4.8,.353,3.7,9.3,.404,2.5,3.2,.794,0.6,3.3,3.8,1.8,0.7,0.6,1.3,2.9,15.1
297,296,1,29,16,22,14,381,4.2,11.1,.373,1.2,2.9,.419,2.9,8.2,.356,0.6,0.9,.667,2.2,4.8,7.0,4.7,0.9,0.4,2.2,2.9,10.1
298,297,0,29,15,36,10,738,5.0,12.5,.402,2.7,6.7,.409,2.3,5.8,.395,3.2,3.6,.878,0.2,3.5,3.8,2.2,1.7,0.2,1.8,2.0,16.0
299,298,2,30,18,73,11,905,3.5,5.4,.642,0.0,0.1,.333,3.5,5.3,.649,1.4,2.4,.590,3.9,8.4,12.3,0.6,1.3,2.4,1.6,6.0,8.5
300,299,1,22,27,25,1,141,3.8,8.7,.441,0.0,0.3,.000,3.8,8.4,.455,2.0,3.6,.571,3.3,5.4,8.7,1.8,0.8,1.5,2.3,3.1,9.7
301,300,3,25,12,29,23,889,6.1,13.5,.450,1.8,4.2,.433,4.3,9.3,.459,3.3,3.7,.880,0.4,4.5,5.0,4.0,1.7,0.3,2.6,3.2,17.3
302,301,3,29,6,76,29,1776,5.7,13.1,.434,3.4,8.3,.413,2.3,4.8,.471,1.7,1.9,.903,0.6,4.0,4.6,1.0,0.9,0.5,0.8,3.1,16.5
303,302,3,36,14,20,0,151,2.1,5.5,.391,1.9,4.8,.400,0.2,0.7,.333,0.5,0.5,1.000,0.5,8.6,9.1,5.2,0.5,0.0,3.1,2.1,6.7
304,303,4,28,5,80,8,1754,5.6,12.7,.440,3.0,7.3,.414,2.6,5.5,.474,1.4,1.6,.825,0.5,2.4,2.9,5.7,1.3,0.1,2.1,2.2,15.6
305,304,0,29,17,2,0,23,1.6,11.0,.143,0.0,3.1,.000,1.6,7.8,.200,1.6,3.1,.500,4.7,4.7,9.4,1.6,0.0,0.0,3.1,3.1,4.7
306,305,1,31,22,69,67,2343,6.6,14.9,.442,1.2,3.7,.311,5.5,11.2,.486,4.8,6.2,.768,1.7,6.5,8.2,3.9,1.4,1.0,2.4,2.9,19.1
307,306,1,25,28,70,15,1679,5.5,13.4,.413,2.8,8.1,.342,2.8,5.3,.520,2.1,2.7,.773,1.3,6.9,8.2,1.6,1.1,1.2,1.7,2.7,16.0
308,307,2,26,12,81,0,1823,7.6,14.3,.533,0.0,0.1,.000,7.6,14.3,.536,3.5,4.7,.741,3.3,7.2,10.5,3.7,1.8,0.8,2.8,3.3,18.8
309,308,0,27,3,73,22,1820,5.6,12.2,.457,1.5,4.1,.370,4.1,8.1,.501,1.1,1.5,.770,0.7,2.4,3.0,3.2,1.0,0.6,1.2,2.6,13.8
310,309,3,27,21,79,79,2565,5.9,14.1,.418,1.7,5.0,.331,4.3,9.1,.466,2.0,2.6,.784,1.1,4.1,5.1,2.2,0.7,0.4,1.2,2.4,15.5
311,310,1,27,23,76,76,2374,6.2,13.5,.457,1.1,3.0,.362,5.1,10.5,.483,2.7,3.3,.837,1.6,5.9,7.5,1.9,1.2,0.6,2.0,3.9,16.1
312,311,0,31,1,49,7,714,4.9,12.7,.389,2.1,6.7,.308,2.9,6.0,.479,1.7,1.9,.919,0.6,1.0,1.6,1.3,1.2,0.1,0.3,2.2,13.7
313,312,1,26,3,34,0,479,4.3,10.4,.413,0.8,3.5,.234,3.5,6.8,.505,1.9,3.7,.510,2.0,5.6,7.6,2.4,1.4,0.8,2.3,4.1,11.3
314,313,2,30,25,54,52,1104,5.5,10.7,.515,0.0,0.0,.000,5.5,10.7,.517,2.1,2.5,.808,3.4,5.2,8.6,1.4,0.5,1.0,2.3,4.3,13.1
315,314,4,20,14,55,41,1406,5.3,14.1,.377,1.4,4.6,.315,3.9,9.6,.408,3.4,4.3,.784,0.7,3.8,4.6,5.6,1.0,0.3,3.1,2.4,15.4
316,315,3,24,4,78,1,1516,6.8,14.2,.482,1.2,3.4,.338,5.7,10.8,.528,3.5,4.5,.774,2.0,3.2,5.2,0.8,0.5,0.1,1.3,2.0,18.3
317,316,4,20,5,38,8,322,5.6,13.0,.431,1.0,2.6,.391,4.6,10.4,.441,2.3,3.4,.700,0.7,4.0,4.7,5.4,0.9,0.7,4.2,3.2,14.5
318,317,0,19,14,82,10,1764,6.0,14.9,.404,2.3,7.0,.334,3.7,7.9,.466,2.2,2.4,.883,0.8,3.5,4.4,3.5,1.0,0.5,2.3,2.5,16.6
319,318,2,25,22,70,3,1237,4.9,9.8,.504,1.3,3.2,.418,3.6,6.6,.546,1.4,1.9,.766,2.2,4.8,7.0,2.8,0.9,1.2,1.6,2.8,12.7
320,319,1,24,25,63,7,1442,4.7,9.0,.526,0.2,0.9,.278,4.5,8.1,.554,1.5,2.0,.738,3.0,6.2,9.2,2.4,2.0,1.0,1.4,3.7,11.2
321,320,4,25,8,53,2,512,5.1,12.9,.399,2.4,6.5,.370,2.7,6.4,.429,2.7,3.4,.776,0.6,3.7,4.3,4.7,2.3,0.1,2.9,2.7,15.3
322,321,1,24,13,32,4,331,4.2,9.4,.453,0.1,0.8,.143,4.1,8.6,.481,2.1,2.8,.731,2.4,4.6,7.0,0.9,1.6,0.9,1.3,3.3,10.7
323,322,0,32,22,2,0,18,0.0,14.0,.000,0.0,4.0,.000,0.0,10.0,.000,8.0,8.0,1.000,0.0,2.0,2.0,2.0,0.0,0.0,0.0,2.0,8.0
324,323,4,34,14,75,39,2045,4.7,10.6,.444,1.9,4.8,.388,2.9,5.8,.489,0.8,1.1,.714,0.5,2.9,3.4,6.8,1.0,0.1,2.3,3.5,12.1
325,324,4,24,26,40,0,346,4.3,9.5,.451,1.0,3.2,.323,3.2,6.2,.517,0.8,0.9,.889,0.4,2.7,3.1,3.5,2.2,0.5,1.6,5.0,10.4
326,325,1,23,6,23,0,93,3.5,13.9,.250,0.4,4.6,.083,3.1,9.3,.333,0.8,0.8,1.000,0.8,5.8,6.6,1.9,1.2,0.0,1.9,2.3,8.1
327,326,1,27,1,38,0,342,4.5,11.7,.387,0.5,2.8,.185,4.0,8.8,.452,0.9,1.5,.643,1.6,4.8,6.4,1.1,1.7,0.6,1.8,5.8,10.5
328,327,2,31,13,46,46,1015,3.5,7.2,.490,0.0,0.0,.000,3.5,7.1,.493,1.2,2.8,.436,5.7,8.5,14.3,3.7,1.1,1.3,2.1,4.5,8.2
329,328,2,22,1,51,19,1047,6.3,10.6,.595,0.0,0.0,.000,6.3,10.6,.597,2.6,3.8,.694,3.2,6.9,10.1,1.7,2.2,1.7,1.8,4.3,15.3
330,329,2,24,29,57,6,1088,3.4,5.2,.660,0.1,0.4,.250,3.3,4.8,.694,1.5,2.2,.657,2.7,5.4,8.1,1.4,1.7,2.9,1.5,4.5,8.4
332,331,1,38,18,54,54,1424,7.5,17.1,.437,2.0,5.3,.378,5.5,11.9,.463,2.5,2.8,.875,0.6,8.3,8.9,2.1,0.8,1.0,1.3,2.9,19.4
333,332,2,22,1,65,48,1391,7.0,13.8,.507,0.0,0.0,.000,7.0,13.8,.508,3.1,5.4,.571,4.0,8.1,12.1,3.2,1.3,1.9,3.7,4.2,17.1
334,333,0,24,25,20,2,397,4.3,7.3,.580,0.1,0.5,.200,4.2,6.9,.605,2.3,3.5,.641,1.5,4.2,5.7,1.3,1.2,0.6,1.0,3.3,10.9
335,334,1,23,1,11,0,80,6.8,13.5,.500,1.4,2.7,.500,5.4,10.8,.500,2.3,2.7,.833,4.1,4.5,8.6,2.7,0.0,0.5,2.7,4.5,17.1
336,335,2,26,13,79,8,1229,6.3,12.1,.521,0.1,0.5,.118,6.2,11.6,.538,1.9,2.4,.771,4.6,8.3,12.9,3.4,1.1,3.0,2.2,5.1,14.5
339,338,0,24,0,67,67,2222,6.7,15.1,.442,2.1,5.7,.361,4.6,9.4,.491,1.9,2.5,.753,0.6,4.1,4.7,2.9,1.3,0.3,1.9,2.5,17.3
340,339,2,25,27,75,6,1538,6.1,11.9,.512,1.6,4.5,.354,4.5,7.4,.608,2.1,2.9,.732,1.7,6.7,8.4,3.5,1.0,0.7,2.2,4.8,15.9
343,342,3,21,23,79,5,1605,4.2,9.9,.421,1.2,4.2,.287,3.0,5.7,.520,1.7,2.2,.758,1.4,4.5,5.9,1.1,1.3,0.4,1.1,4.4,11.2
344,343,2,32,30,70,70,1268,4.7,8.7,.534,0.0,0.1,.000,4.7,8.7,.538,2.8,3.6,.778,4.0,7.7,11.6,3.7,1.7,0.9,2.5,4.7,12.1
345,344,2,19,2,22,0,355,5.7,10.3,.549,0.0,0.2,.000,5.7,10.1,.560,1.2,1.4,.857,2.4,6.3,8.7,2.0,0.3,1.7,2.4,4.5,12.6
346,345,1,21,12,51,50,1728,8.3,17.0,.490,1.4,3.7,.365,7.0,13.2,.525,3.4,4.5,.743,1.6,4.9,6.5,3.0,1.0,0.5,1.9,2.3,21.4
347,346,4,34,5,63,63,1587,6.0,12.9,.466,0.5,1.6,.333,5.5,11.3,.484,1.9,2.7,.726,0.2,2.4,2.6,6.5,0.8,0.0,2.0,2.1,14.5
348,347,3,28,7,34,34,675,4.0,11.8,.338,1.3,5.0,.269,2.7,6.9,.388,1.9,2.3,.814,0.3,4.2,4.5,2.9,1.1,0.3,1.3,2.8,11.2
349,348,0,25,22,5,0,40,2.7,13.5,.200,0.9,5.4,.167,1.8,8.1,.222,1.8,2.7,.667,0.9,5.4,6.3,5.4,0.9,0.0,3.6,5.4,8.1
350,349,1,27,29,65,8,1599,3.5,8.6,.401,2.1,5.7,.372,1.4,2.9,.458,1.0,1.4,.717,1.4,5.2,6.6,1.7,0.9,0.5,0.9,2.7,10.0
351,350,4,31,10,61,61,1921,7.0,14.7,.476,2.3,5.7,.411,4.7,9.1,.518,4.3,4.9,.892,0.7,4.9,5.7,10.6,2.2,0.1,2.8,2.7,20.7
352,351,1,25,4,18,0,135,6.1,14.4,.426,0.8,4.0,.200,5.3,10.4,.513,3.7,5.1,.737,2.4,6.4,8.8,1.9,2.1,1.9,2.1,8.5,16.8
353,352,4,22,1,31,0,462,5.0,15.0,.332,2.1,6.7,.314,2.9,8.3,.346,0.4,0.6,.625,0.2,3.5,3.7,4.3,1.1,0.3,2.3,4.1,12.5
354,353,4,22,15,82,58,2412,6.4,13.6,.471,0.6,2.2,.274,5.8,11.4,.509,2.2,3.1,.692,1.3,4.4,5.8,7.9,1.3,0.6,2.7,2.6,15.6
355,354,4,24,12,6,0,99,2.9,8.0,.364,0.4,3.3,.111,2.5,4.7,.538,1.1,1.8,.600,0.0,4.4,4.4,4.7,1.1,1.5,3.6,3.3,7.3
356,355,3,39,10,25,7,277,3.6,9.1,.400,1.9,5.6,.349,1.7,3.5,.481,1.3,1.7,.769,0.1,6.1,6.2,1.3,0.5,0.6,2.1,5.2,10.5
358,357,2,26,1,81,64,2148,5.6,10.4,.536,0.0,0.1,.000,5.6,10.3,.541,2.9,5.0,.580,2.8,7.3,10.1,4.8,1.2,1.5,2.2,3.8,14.1
361,360,3,23,23,80,80,2605,5.7,11.1,.516,2.0,4.7,.434,3.7,6.4,.576,1.4,1.6,.832,1.6,5.5,7.1,1.7,1.6,0.6,0.6,2.7,14.9
362,361,1,21,28,64,13,1000,6.6,13.5,.488,1.2,3.5,.333,5.4,10.0,.541,1.4,2.1,.661,2.7,8.0,10.7,1.3,0.6,0.4,1.3,3.4,15.7
363,362,1,21,13,66,65,2164,7.4,16.4,.450,1.9,5.2,.357,5.5,11.2,.493,3.3,4.2,.786,1.8,6.1,7.9,1.6,0.8,2.1,2.0,4.1,19.9
364,363,2,25,18,77,3,1333,5.2,10.2,.515,0.6,2.0,.284,4.7,8.2,.571,2.9,3.8,.759,2.5,5.8,8.3,1.3,1.6,1.1,0.9,3.6,13.9
365,364,0,23,29,76,18,1368,6.0,13.3,.449,1.5,4.6,.324,4.5,8.8,.514,3.3,4.2,.792,0.7,3.8,4.4,2.2,1.4,0.4,1.8,3.3,16.7
366,365,1,23,20,6,1,157,5.7,12.4,.463,1.4,4.4,.316,4.4,8.0,.543,1.8,2.3,.800,2.5,4.1,6.6,1.1,0.7,0.5,0.7,3.2,14.7
367,366,4,33,17,14,0,134,1.1,6.4,.167,0.8,4.6,.176,0.3,1.9,.143,0.8,1.1,.750,0.8,2.1,3.0,4.8,3.0,0.3,0.8,3.8,3.8
368,367,0,22,8,16,0,80,5.9,13.1,.448,2.3,5.9,.385,3.6,7.2,.500,0.0,1.4,.000,1.8,4.5,6.3,5.0,0.9,1.4,5.0,2.7,14.0
369,368,4,23,1,26,0,299,4.8,11.8,.408,1.9,5.7,.340,2.9,6.1,.471,4.9,5.2,.953,0.7,3.1,3.9,4.1,1.1,0.2,2.3,4.7,16.5
370,369,1,22,25,74,73,2132,6.4,13.1,.488,0.3,1.1,.270,6.1,12.0,.507,3.4,4.8,.723,2.5,8.2,10.7,4.5,0.8,0.6,2.9,4.2,16.5
371,370,1,35,7,73,5,1786,8.7,19.4,.449,0.4,1.9,.223,8.3,17.5,.474,2.8,3.9,.731,3.7,8.4,12.1,2.5,0.8,0.2,2.0,2.7,20.7
372,371,0,32,10,78,78,2198,6.5,14.6,.445,3.3,7.7,.429,3.2,6.9,.462,2.9,3.3,.891,0.2,2.6,2.8,1.8,0.9,0.2,1.6,2.0,19.2
373,372,2,26,16,71,5,1031,5.7,10.0,.568,0.0,0.1,.250,5.6,9.8,.573,1.7,3.1,.557,4.5,7.1,11.6,0.9,0.6,1.6,1.1,4.8,13.1
374,373,0,23,16,53,34,1614,4.5,11.4,.394,1.7,5.1,.330,2.8,6.4,.444,1.3,1.7,.779,0.8,3.0,3.7,3.1,1.3,0.9,1.4,2.9,12.0
375,374,0,21,2,22,0,198,5.1,12.4,.412,1.5,5.1,.286,3.6,7.3,.500,2.7,3.5,.789,0.5,3.6,4.2,2.0,0.9,0.2,1.5,4.2,14.4
376,375,0,24,10,74,29,2054,5.7,12.8,.442,1.9,5.2,.371,3.7,7.6,.491,2.3,3.3,.691,0.4,2.5,2.8,3.6,0.8,0.2,2.0,3.3,15.6
377,376,3,25,0,79,79,2376,3.3,7.0,.464,0.7,2.8,.245,2.6,4.2,.609,0.7,1.7,.423,1.5,4.6,6.1,1.2,1.4,1.2,0.8,3.1,7.9
378,377,4,31,19,41,2,416,4.0,10.6,.377,1.5,3.8,.386,2.5,6.8,.372,2.9,3.4,.846,0.4,2.9,3.4,4.5,0.8,0.1,2.3,1.6,12.3
379,378,3,23,6,69,27,1427,4.0,8.5,.467,1.2,3.2,.392,2.7,5.4,.512,1.4,1.9,.711,1.4,4.8,6.2,1.2,1.0,0.5,0.9,1.6,10.6
380,379,1,25,25,48,1,560,6.8,12.6,.536,0.0,0.1,.000,6.8,12.5,.538,2.0,4.2,.470,5.4,8.9,14.3,2.0,1.7,0.6,3.0,4.9,15.5
381,380,4,30,20,68,30,1518,5.0,12.7,.392,2.2,6.0,.365,2.8,6.7,.415,0.4,0.6,.667,0.5,3.2,3.7,8.2,1.2,0.1,3.0,2.3,12.6
382,381,4,30,28,69,42,1843,4.5,11.0,.408,1.0,2.6,.376,3.5,8.4,.418,0.6,1.0,.600,1.4,5.5,6.9,9.0,1.9,0.2,3.3,2.8,10.5
383,382,4,28,13,64,64,2082,8.0,16.9,.471,0.2,1.0,.217,7.7,15.9,.487,3.8,4.4,.874,1.1,3.1,4.3,4.9,0.8,0.3,2.5,1.5,20.0
384,383,3,25,1,78,24,1955,6.0,13.7,.437,2.6,7.2,.363,3.4,6.5,.518,1.2,1.4,.831,0.3,3.5,3.8,1.6,1.6,0.6,1.3,2.6,15.8
385,384,4,22,27,74,0,1263,4.3,11.7,.367,1.6,5.1,.318,2.7,6.6,.405,1.5,1.9,.773,1.1,5.3,6.5,3.7,1.3,0.3,1.3,2.0,11.7
386,385,4,26,4,75,75,2469,3.8,9.5,.402,0.9,2.9,.306,2.9,6.6,.443,3.7,4.2,.891,1.0,3.5,4.4,9.9,1.9,0.1,2.8,2.9,12.2
388,387,0,31,4,47,33,1030,2.4,6.5,.374,1.5,4.0,.386,0.9,2.6,.356,0.5,0.6,.722,0.6,2.9,3.5,1.6,0.8,0.8,1.0,1.5,6.9
389,388,4,20,25,63,60,1811,7.0,17.2,.405,2.7,7.6,.352,4.3,9.6,.447,2.9,3.7,.782,0.6,3.8,4.4,6.0,1.7,0.3,3.5,2.6,19.6
390,389,1,20,0,81,66,1632,4.2,10.6,.399,1.1,3.5,.321,3.1,7.1,.438,1.0,1.5,.657,1.0,5.3,6.4,1.8,0.9,0.7,1.8,4.4,10.6
392,391,1,22,20,81,36,2129,6.4,15.7,.411,1.8,5.8,.311,4.7,9.9,.469,2.9,3.7,.782,1.9,6.8,8.7,3.1,1.0,0.5,3.1,2.7,17.6
393,392,0,25,23,57,3,719,3.1,7.4,.415,0.5,1.9,.243,2.6,5.5,.473,1.2,1.7,.697,1.3,2.9,4.2,4.6,1.3,0.3,1.9,3.0,7.7
394,393,4,23,22,79,78,2485,7.9,17.6,.451,1.4,4.3,.340,6.5,13.3,.487,3.2,3.7,.855,0.6,3.0,3.6,7.2,1.1,0.2,3.7,2.2,20.5
395,394,1,36,24,36,1,461,5.5,11.8,.470,1.3,3.9,.340,4.2,7.9,.535,2.0,2.9,.676,4.0,6.9,10.9,2.9,1.1,0.3,2.7,4.9,14.4
396,395,1,28,22,18,0,195,3.1,10.9,.288,0.7,5.0,.148,2.4,5.9,.406,1.3,1.5,.875,1.8,5.0,6.8,3.1,0.7,0.6,1.5,2.2,8.3
397,396,3,32,22,62,42,1596,3.9,8.9,.441,0.9,2.7,.342,3.0,6.2,.484,1.2,1.7,.733,1.2,4.9,6.1,2.4,2.2,0.7,1.3,2.2,10.0
398,397,0,22,1,14,5,236,3.8,8.8,.431,1.1,4.3,.250,2.7,4.6,.600,2.1,3.4,.636,0.2,2.3,2.4,2.0,0.9,0.2,1.8,2.7,10.8
399,398,1,27,6,49,3,559,7.0,12.8,.551,0.0,0.1,.000,7.0,12.6,.556,0.9,1.4,.636,2.6,6.5,9.1,1.5,0.5,1.3,1.9,4.3,14.9
400,399,4,30,19,50,1,811,4.4,11.7,.380,0.9,2.8,.339,3.5,8.9,.393,4.0,5.2,.771,0.5,2.8,3.2,5.7,1.2,0.1,2.0,1.9,13.8
401,400,0,26,9,76,31,1937,3.7,9.1,.411,1.7,4.9,.360,2.0,4.2,.469,1.3,1.7,.789,0.7,3.3,4.1,2.0,1.2,0.5,1.4,2.8,10.5
402,401,1,22,29,55,38,859,4.3,8.6,.502,0.0,0.3,.143,4.3,8.3,.515,0.9,1.3,.688,2.7,5.1,7.8,0.7,1.1,1.9,1.4,4.6,9.6
403,402,0,27,5,78,8,1392,4.6,10.9,.420,0.8,2.6,.294,3.8,8.2,.461,2.6,3.4,.750,0.5,3.6,4.1,3.3,1.2,0.6,2.0,3.8,12.5
404,403,3,28,0,32,2,385,3.2,7.8,.410,0.7,3.5,.189,2.5,4.3,.587,1.2,1.6,.765,0.7,3.7,4.5,0.8,0.7,0.5,1.0,2.7,8.2
405,404,0,22,27,79,24,2399,4.0,11.2,.359,1.4,5.0,.283,2.6,6.3,.420,3.0,3.8,.812,1.2,3.4,4.6,5.5,1.9,0.5,2.4,2.9,12.5
406,405,4,28,21,81,32,1955,6.1,13.8,.439,0.5,1.9,.267,5.5,11.9,.467,1.3,1.9,.706,0.4,3.9,4.3,7.7,1.1,0.6,2.1,2.3,14.0
407,406,0,31,9,41,35,1187,3.7,10.8,.346,2.9,8.2,.351,0.8,2.6,.329,0.3,0.5,.667,0.5,2.9,3.4,1.9,1.2,0.3,0.8,2.3,10.6
408,407,2,30,23,74,3,1068,5.9,11.1,.529,1.2,2.6,.474,4.6,8.5,.546,1.2,1.7,.686,2.2,6.5,8.7,1.2,0.7,1.8,2.0,5.7,14.2
409,408,0,25,12,80,80,2336,3.8,8.3,.455,2.2,5.5,.406,1.6,2.9,.548,0.7,0.9,.810,0.3,3.5,3.8,1.5,0.8,0.2,0.8,1.9,10.5
410,409,2,29,10,82,2,1286,6.8,15.3,.445,2.9,7.8,.372,3.9,7.6,.520,3.4,3.8,.876,2.5,8.0,10.4,1.8,0.6,1.1,1.9,6.4,19.9
411,410,2,32,20,8,0,76,6.6,14.7,.452,0.9,2.8,.333,5.7,11.8,.480,4.3,5.2,.818,3.8,6.6,10.4,1.9,0.5,0.5,2.8,3.8,18.5
412,411,0,23,20,80,27,2188,4.1,10.4,.396,2.2,5.9,.368,2.0,4.5,.433,2.0,2.5,.813,0.3,3.4,3.7,3.1,0.7,0.5,2.1,2.4,12.4
413,412,0,26,1,18,0,361,5.4,12.0,.450,0.6,2.0,.300,4.8,10.0,.480,0.8,1.3,.615,0.4,4.8,5.2,5.9,0.5,0.3,2.6,3.2,12.2
416,415,4,30,6,39,0,696,4.7,12.6,.373,1.0,3.1,.317,3.7,9.5,.391,4.1,5.5,.748,0.3,4.0,4.3,4.3,0.8,0.0,2.7,2.3,14.5
417,416,1,24,29,11,1,118,4.6,14.3,.319,0.9,5.5,.167,3.7,8.8,.414,1.2,2.4,.500,3.1,5.2,8.2,0.9,1.2,0.3,1.2,5.2,11.3
419,418,4,22,11,4,0,52,0.7,4.8,.143,0.0,1.4,.000,0.7,3.5,.200,0.7,1.4,.500,0.7,1.4,2.1,2.1,0.7,0.7,0.0,4.2,2.1
420,419,4,28,6,82,82,2657,5.4,12.3,.442,1.2,3.4,.357,4.2,8.9,.475,4.9,5.6,.867,0.4,4.0,4.5,8.7,1.4,0.4,2.9,2.2,17.0
421,420,1,31,12,70,2,1133,5.0,13.3,.373,3.3,9.7,.341,1.7,3.6,.460,1.1,1.4,.778,0.3,4.8,5.1,1.5,0.4,0.4,1.2,3.5,14.3
422,421,0,30,2,65,21,1728,3.8,9.0,.424,1.7,4.6,.373,2.1,4.4,.476,1.2,1.5,.784,0.7,3.2,3.8,3.5,1.7,0.6,1.6,2.9,10.5
423,422,0,39,12,74,0,1365,2.8,6.4,.432,1.9,4.5,.427,0.8,1.9,.444,0.6,0.8,.828,0.4,2.4,2.8,2.6,1.2,0.5,0.9,2.5,8.1
424,423,4,27,27,76,76,2569,9.6,20.6,.463,3.4,9.1,.379,6.1,11.6,.528,8.3,9.1,.909,0.6,2.3,2.9,6.3,1.0,0.2,2.9,2.3,30.8
425,424,1,28,13,46,15,968,3.6,9.1,.398,1.4,3.2,.447,2.2,5.9,.371,1.6,1.9,.843,1.2,4.1,5.3,1.3,0.8,0.2,0.9,3.2,10.2
426,425,0,25,1,40,9,752,3.7,9.6,.385,1.5,4.5,.337,2.2,5.0,.429,0.9,1.4,.655,0.9,4.5,5.4,1.7,1.0,0.3,0.5,3.3,9.8
427,426,0,26,30,78,78,2649,8.8,18.7,.468,3.6,8.8,.414,5.1,9.9,.516,2.5,3.0,.853,0.7,3.2,3.9,2.2,0.9,0.5,1.7,1.9,23.7
428,427,2,25,9,78,78,2336,4.0,6.7,.600,0.0,0.0,.000,4.0,6.7,.604,1.6,3.3,.498,4.4,6.6,11.0,1.2,0.6,1.3,1.0,2.7,9.7
429,428,0,29,23,33,1,575,5.3,13.1,.400,1.8,5.0,.350,3.5,8.1,.431,1.4,1.7,.852,1.4,3.4,4.8,2.6,1.2,0.2,1.6,3.0,13.7
431,430,1,31,2,65,9,1477,3.8,8.6,.442,2.2,5.6,.391,1.6,2.9,.537,1.5,2.0,.744,1.2,4.5,5.8,1.9,0.8,0.5,1.4,2.7,11.2
433,432,2,21,4,82,82,3030,9.5,17.6,.542,1.2,3.3,.367,8.3,14.3,.582,4.2,5.1,.832,3.5,8.4,12.0,2.6,0.7,1.2,2.5,2.9,24.5
434,433,3,31,1,81,21,2236,3.2,7.8,.413,1.1,3.2,.357,2.1,4.6,.451,1.2,1.5,.774,1.9,5.7,7.6,1.6,1.9,0.3,1.1,3.2,8.7
435,434,3,28,8,65,12,1658,5.1,12.0,.426,0.7,2.6,.263,4.4,9.4,.470,1.8,2.2,.825,0.8,4.6,5.4,4.5,1.2,0.5,2.2,2.6,12.7
436,435,2,20,6,81,81,2541,6.3,12.3,.511,0.6,1.6,.348,5.7,10.7,.536,3.5,4.3,.809,2.0,6.4,8.3,1.5,1.0,2.4,1.5,3.7,16.6
437,436,4,34,21,39,0,560,5.9,12.7,.467,0.7,2.1,.344,5.2,10.6,.491,2.1,2.2,.941,0.4,3.3,3.7,8.4,0.8,0.0,2.3,1.9,14.6
438,437,4,21,17,61,15,1123,5.9,14.0,.421,0.7,2.5,.266,5.2,11.5,.455,1.8,2.3,.775,0.6,2.4,3.0,7.2,1.5,0.2,2.5,2.3,14.2
439,438,1,23,18,9,0,115,5.0,11.9,.421,0.9,2.8,.333,4.1,9.1,.448,1.6,2.2,.714,2.5,4.4,6.9,2.8,0.6,1.3,0.9,2.5,12.5
440,439,2,24,29,80,80,2066,6.8,12.2,.557,0.0,0.0,.500,6.8,12.2,.557,3.1,3.8,.811,3.9,9.3,13.2,1.0,0.6,1.1,1.8,3.8,16.7
441,440,0,23,28,57,0,976,3.8,10.6,.354,2.7,7.7,.351,1.1,3.0,.363,0.5,0.7,.778,0.4,5.2,5.6,2.3,1.1,0.3,1.8,3.2,10.7
442,441,4,22,29,37,0,294,4.8,13.6,.351,1.3,3.6,.379,3.4,10.0,.341,2.2,2.7,.818,0.5,4.7,5.1,4.3,2.0,0.4,1.8,4.4,13.1
444,443,4,30,24,3,0,39,1.8,7.4,.250,0.9,2.8,.333,0.9,4.6,.200,1.8,2.8,.667,0.0,1.8,1.8,4.6,0.9,0.9,0.9,5.5,6.5
445,444,0,20,12,41,2,458,4.5,12.3,.365,2.0,6.4,.321,2.4,5.9,.413,0.2,0.4,.400,0.3,3.5,3.9,1.8,1.5,0.8,1.1,2.5,11.2
446,445,1,21,8,74,41,1265,3.7,7.7,.481,0.2,0.6,.350,3.5,7.1,.492,1.7,2.7,.638,3.7,7.3,11.0,0.9,0.9,0.8,1.8,4.4,9.3
447,446,2,26,15,75,55,2163,8.0,17.2,.468,0.4,1.2,.307,7.7,15.9,.481,1.8,2.7,.669,2.9,10.0,13.0,3.5,1.3,1.2,1.9,3.0,18.2
448,447,0,32,13,42,4,408,3.7,12.0,.309,2.0,6.5,.311,1.7,5.5,.306,1.5,2.1,.708,1.1,4.1,5.2,4.6,1.1,0.2,1.4,3.4,10.9
449,448,0,35,28,60,59,1792,8.3,19.2,.434,0.9,2.9,.310,7.4,16.3,.456,4.5,5.6,.794,1.3,4.2,5.4,4.6,1.7,0.8,2.8,2.3,22.0
450,449,0,25,16,46,43,1384,7.3,17.2,.424,2.2,5.6,.395,5.1,11.7,.438,2.1,3.3,.646,0.5,3.5,4.0,5.2,1.1,0.5,2.7,2.5,19.0
451,450,4,26,19,79,79,2739,8.5,19.0,.444,3.2,7.9,.399,5.3,11.1,.476,4.0,4.7,.847,0.6,3.5,4.0,5.7,1.1,0.3,2.2,1.6,24.1
452,451,4,26,23,78,78,2836,8.2,18.2,.451,1.1,3.5,.327,7.1,14.8,.480,5.4,6.7,.801,0.7,3.4,4.1,10.5,2.0,0.6,4.1,1.9,22.9
453,452,3,22,22,59,10,981,4.2,10.5,.400,1.2,3.7,.324,3.0,6.7,.443,2.7,3.4,.787,0.9,4.8,5.8,2.0,1.6,1.0,2.2,3.5,12.3
454,453,3,23,17,66,59,2048,7.1,14.3,.495,0.5,1.7,.265,6.6,12.6,.527,2.1,2.7,.773,2.2,3.8,6.0,1.3,1.3,0.7,1.0,3.1,16.7
455,454,4,32,15,62,9,1012,3.4,8.8,.387,1.1,3.7,.305,2.3,5.1,.448,2.0,2.3,.864,0.6,2.6,3.2,4.1,1.5,0.1,1.7,3.0,10.0
456,455,4,24,1,20,0,205,4.4,10.5,.417,0.2,1.8,.100,4.2,8.8,.480,1.9,2.8,.688,1.4,3.2,4.6,3.7,2.1,0.2,1.4,2.8,10.9
457,456,2,36,30,68,0,854,5.7,10.6,.536,0.1,0.3,.375,5.6,10.3,.541,1.8,2.4,.768,2.0,6.6,8.6,6.4,1.8,2.0,3.3,4.4,13.3
458,457,4,28,0,81,81,2802,10.6,24.9,.425,2.6,7.5,.343,8.0,17.4,.459,9.1,10.8,.845,1.8,9.3,11.1,10.8,1.7,0.4,5.6,2.4,32.9
459,458,1,24,16,35,0,471,2.5,6.6,.379,0.9,2.6,.353,1.6,4.1,.396,1.5,1.7,.909,1.9,4.4,6.3,1.6,0.8,0.8,1.4,4.0,7.5
460,459,4,21,24,73,26,1643,4.5,11.1,.402,1.0,3.3,.295,3.5,7.9,.446,2.0,2.5,.805,0.7,3.3,4.0,4.2,0.9,0.8,3.1,3.8,11.9
462,461,3,21,4,82,82,3048,8.4,18.5,.452,1.2,3.4,.356,7.2,15.1,.473,4.9,6.4,.760,1.2,2.7,3.9,2.2,1.0,0.4,2.2,2.2,22.8
463,462,0,26,15,22,0,108,2.7,10.3,.258,1.0,5.0,.200,1.7,5.3,.313,0.7,0.7,1.000,1.3,2.7,4.0,4.0,0.7,0.3,2.0,2.7,7.0
464,463,2,24,17,47,0,708,7.0,13.6,.517,0.0,0.1,.000,7.0,13.5,.519,3.6,5.7,.625,4.8,10.1,14.8,1.2,1.4,1.6,1.9,6.4,17.6
465,464,4,32,1,64,44,1657,5.7,13.0,.438,1.8,5.1,.363,3.9,8.0,.486,2.0,2.4,.826,0.3,2.9,3.2,7.8,0.7,0.2,3.0,3.0,15.2
466,465,1,25,1,50,11,804,4.8,10.9,.443,1.3,4.3,.309,3.5,6.6,.531,2.6,4.0,.652,0.9,5.0,5.8,1.3,0.6,0.3,1.3,2.7,13.6
467,466,0,30,1,81,1,1994,7.7,18.0,.429,2.9,8.1,.365,4.8,10.0,.480,7.3,8.3,.880,0.5,3.2,3.6,4.3,1.4,0.4,2.9,1.7,25.7
468,467,1,30,19,76,76,2295,4.7,11.0,.422,1.9,5.6,.350,2.7,5.5,.494,2.1,2.4,.873,1.4,6.4,7.8,1.7,0.9,0.8,0.9,2.1,13.3
469,468,3,30,3,6,0,79,3.6,10.5,.348,2.3,5.0,.455,1.4,5.5,.250,2.7,3.2,.857,0.9,1.8,2.7,1.8,1.4,0.0,0.0,0.9,12.3
470,469,3,22,1,30,16,557,4.7,10.8,.437,1.2,4.0,.290,3.6,6.8,.524,1.4,2.1,.656,1.0,3.5,4.5,1.6,1.7,0.6,2.1,3.9,12.0
471,470,1,24,11,14,0,44,3.3,11.5,.286,3.3,10.6,.308,0.0,0.8,.000,0.8,1.6,.500,3.3,4.9,8.2,1.6,2.5,0.8,4.1,3.3,10.6
472,471,3,20,16,18,15,625,4.6,13.0,.356,0.4,2.0,.200,4.2,10.9,.384,1.7,2.7,.617,1.3,4.1,5.4,3.8,1.5,0.3,1.9,3.0,11.3
473,472,2,26,26,51,1,432,4.6,8.6,.534,0.0,0.1,.000,4.6,8.5,.539,3.0,4.0,.750,4.3,5.7,10.1,0.6,1.3,2.7,1.2,4.3,12.2
474,473,1,21,19,13,0,107,4.0,7.7,.522,0.0,1.7,.000,4.0,6.1,.667,3.7,5.0,.733,4.7,5.0,9.8,0.7,1.0,2.0,2.4,3.7,11.8
475,474,3,37,25,25,2,160,4.3,15.3,.279,2.0,8.6,.237,2.3,6.8,.333,2.3,3.6,.625,1.1,3.4,4.5,2.5,2.3,0.5,1.6,4.1,12.8
476,475,1,29,7,28,5,447,6.7,10.9,.615,0.0,0.1,.000,6.7,10.8,.619,1.9,2.8,.657,2.5,3.8,6.3,1.2,0.9,1.6,0.8,3.4,15.2
477,476,4,24,29,27,0,446,4.0,9.4,.422,0.8,2.4,.333,3.1,6.9,.453,3.4,4.4,.764,1.3,2.6,3.9,4.6,2.2,0.9,2.0,2.5,12.1
478,477,0,21,27,29,0,220,4.1,9.5,.431,2.0,5.7,.343,2.1,3.8,.565,1.0,1.5,.667,1.0,3.3,4.3,0.7,1.6,0.3,0.7,2.5,11.1
479,478,4,24,6,33,0,135,6.9,19.2,.361,1.3,6.1,.217,5.6,13.1,.429,2.9,4.0,.733,0.3,4.3,4.5,4.0,1.1,0.0,1.3,1.3,18.1
480,479,0,31,25,60,60,1556,6.3,14.6,.430,3.9,9.7,.404,2.4,4.9,.481,1.8,2.1,.856,0.6,2.6,3.2,1.3,0.9,0.3,0.8,3.2,18.3
481,480,1,28,6,74,74,2237,5.8,11.1,.527,0.7,1.9,.381,5.1,9.2,.557,0.7,1.4,.523,2.1,5.1,7.2,2.0,1.8,0.5,1.5,2.2,13.1
482,481,1,24,19,62,58,1725,5.3,9.2,.571,0.0,0.0,.000,5.3,9.2,.572,2.8,4.1,.679,2.8,5.6,8.5,2.1,1.3,1.2,1.4,3.9,13.3
483,482,2,27,27,51,5,525,5.3,10.8,.494,0.0,0.1,.000,5.3,10.8,.497,1.5,2.7,.564,2.9,5.6,8.5,2.9,0.5,1.4,1.4,4.2,12.2
485,484,3,22,28,44,18,843,3.8,9.4,.398,1.4,4.2,.333,2.3,5.2,.451,1.3,1.7,.775,0.6,4.7,5.3,1.5,0.6,0.7,1.7,3.3,10.2
486,485,2,19,25,38,11,609,7.4,14.1,.529,0.0,0.2,.000,7.4,13.9,.536,1.9,2.9,.653,2.4,7.0,9.4,1.8,0.8,2.0,1.8,3.9,16.8
